nullinfluenceability0,influenceability1,influenceability2,influenceability3,influenceability4,influenceability5,influenceability6,influenceability7,influenceability8,influenceability9,influenceability10,influenceability11,influenceability12
0.7413108538833837,0.7413108538833837,0.7562764998867986,0.7562764998867986,0.7577890513732629,0.746514876844717,0.746514876844717,0.746514876844717,0.7547677222298852,0.7555217344296252,0.7562764998867986,0.7562764998867986,0.7562764998867986
0.6117038688082722,0.6141543569541452,0.6347471960925188,0.6353806725253602,0.6353806725253602,0.6197039073900097,0.6197032876861023,0.6197032876861023,0.6190835843984162,0.6184645008140177,0.6184645008140177,0.6221845771649848,0.6290629305316078
0.2006120777596549,0.20262725019637903,0.20754643405481607,0.20984089419704,0.21173703417010595,0.2044582070753991,0.20671852635778756,0.2067183196392612,0.2067183196392612,0.2067183196392612,0.2067183196392612,0.2067183196392612,0.2067183196392612
0.37279096510938237,0.37279096510938237,0.37615652636581776,0.3803149989549244,0.38107562819182395,0.37279096510938237,0.37316375607449176,0.3746579022574258,0.3746579022574258,0.3746579022574258,0.3754072173122502,0.37653381249249146,0.37615690252272027
0.4439872216293169,0.4439872216293169,0.4653409196796649,0.4676718146707141,0.47048439951154264,0.4439872216293169,0.4439872216293169,0.4444307644197374,0.4488951248734679,0.45295137898563237,0.4575013300369426,0.46209698589351395,0.46209652379652805
0.31998067626642906,0.31998067626642906,0.3320342478015732,0.33203391576732544,0.33203391576732544,0.31998067626642906,0.3225494990768305,0.3241651511288382,0.32513861940184324,0.3280765993194108,0.32873242312881656,0.32971960692420477,0.3320342478015732
0.8746579345257245,0.8746579345257245,0.8976820011596357,0.8976820011596357,0.8976811034776345,0.8746579345257245,0.8746579345257245,0.8781609395491232,0.8852099795994921,0.8878673781851734,0.8878673781851734,0.8932079182356281,0.8976820011596357
0.21470396638356554,0.2168606935355064,0.2250295426923145,0.22638309989557642,0.22774457102770862,0.21882026500594332,0.2205767457857092,0.22079710173417239,0.2210176778180077,0.22301481214813226,0.22458038237694597,0.22458038237694597,0.2250295426923145
0.5723905379092631,0.5723905379092631,0.5821970839641226,0.5821970839641226,0.5839448384440415,0.5723905379092631,0.5752576449727362,0.5752576449727362,0.5775615518379734,0.5798752657254601,0.5792953904597347,0.5804545605360446,0.5821970839641226
0.16857844698635482,0.16891577245877454,0.17739372889884591,0.1788176768830665,0.17899631556345502,0.17044210958894157,0.1711247302369924,0.1711247302369924,0.17181025659099183,0.17336274852327932,0.17405689227318125,0.17475399012586434,0.1758051388741736
0.5190700541916256,0.5190700541916256,0.5380857129490066,0.5391618832981953,0.5418630897278344,0.5190700541916256,0.5190700541916256,0.5190700541916256,0.5211494509055165,0.5237598911082391,0.5284926295461837,0.5338014015402074,0.5364752154268556
0.7736781771344081,0.7736781771344081,0.7845772204065414,0.7900857645586952,0.7948373514079408,0.7736781771344081,0.7736781771344081,0.7736781771344081,0.7783310885231782,0.7783303101920898,0.7783303101920898,0.7775519798818976,0.779886969255035
0.7004583977832097,0.7004583977832097,0.7082006647743598,0.71388542553388,0.7124583685682379,0.7004583977832097,0.7004583977832097,0.7004583977832097,0.7039669973964892,0.7039669973964892,0.7032630303990927,0.7032630303990927,0.7032630303990927
0.6424899330068539,0.6424899330068539,0.6424899330068539,0.6424899330068539,0.6424899330068539,0.6424899330068539,0.6424899330068539,0.6424899330068539,0.6424899330068539,0.6424899330068539,0.6424899330068539,0.6424899330068539,0.6424899330068539
0.4463709280916584,0.4463709280916584,0.47065098053457377,0.4734814821206158,0.47490287258155806,0.44815909181552366,0.4504039229449782,0.4517560346194996,0.45538230201265373,0.459497174803189,0.4613369996485155,0.4659711852674219,0.4687735424992102
0.2891677220936847,0.2891674329259626,0.29382721143660273,0.2944148652715277,0.295593996805467,0.2891674329259626,0.2891674329259626,0.2894563109022882,0.2894563109022882,0.29148830231364725,0.29177949883617027,0.29382779909190704,0.2941213327693721
0.27927165067878107,0.27927165067878107,0.29241089324783914,0.29564354401712223,0.295052552572632,0.27927165067878107,0.27927165067878107,0.27927165067878107,0.2806708044427949,0.2832069694434875,0.28462555456804617,0.28748465247859195,0.2906628428417133
0.3337630336155175,0.33577028917235907,0.34460894164029093,0.34668142463983603,0.3480702318140156,0.33577028917235907,0.33711538629420046,0.3391428029469844,0.3405010698710901,0.3405010698710901,0.3405010698710901,0.34186511851933843,0.34323428831729774
0.7104086168706881,0.713967057181078,0.7247475069112604,0.7247475069112604,0.7247475069112604,0.713967057181078,0.715394989866792,0.715394274471802,0.7175418866508309,0.7175418866508309,0.7175418866508309,0.7182594285374817,0.7240249314769716
0.3957542156326207,0.39972961430236437,0.4356087085512555,0.4377906747482503,0.4377902369575755,0.4033416047249044,0.4078006128497922,0.41148553349418865,0.41603457409806044,0.41979389750898755,0.4227408624296009,0.4269873452104919,0.43170776090580915
0.7464285745664037,0.7539265393262903,0.7599753039687857,0.7660764283209048,0.7699137089769093,0.753925785399751,0.7539250314739656,0.7539250314739656,0.7554328800283097,0.7554328800283097,0.756943744276745,0.7599753039687857,0.7599753039687857
0.6466881386338039,0.6466881386338039,0.6623844813625546,0.6623844813625546,0.6623838189780732,0.6466881386338039,0.6479815136170486,0.6505766795758423,0.6505766795758423,0.6505760289991627,0.6505760289991627,0.6551430909479646,0.6610623579694016
0.42128532097771143,0.4255171826697473,0.44598032877070515,0.4509107150393992,0.45498518219386686,0.42936219172946327,0.4319443819615889,0.43454253606445725,0.43671916179814013,0.43803019184710923,0.43890581244805377,0.4433146740950729,0.4442013025561904
0.08099346995245493,0.08099346995245493,0.08312566859658745,0.08379292233193564,0.08438115099407958,0.08099346995245493,0.08099346995245493,0.08099346995245493,0.08099346995245493,0.08107446342240739,0.08156204638047111,0.08238134694095711,0.08238126455961017
0.2789829487394776,0.2817853659961762,0.29036062288901726,0.29269165425010674,0.29298405292001095,0.2829139163855808,0.28291363347166437,0.28319626390858893,0.28546977939407747,0.28661308585912226,0.2874737852425703,0.28920265661164807,0.2897810613461768
0.45390876896499655,0.4584683371137376,0.5011205853309962,0.5066605562523283,0.5112387836620143,0.4626110955770624,0.46772533772237324,0.47195174322195343,0.47716924777127206,0.48148098923653354,0.48631752365236575,0.49120264163780597,0.4966329680518718
0.5266014544770212,0.5318912293901367,0.543170093943088,0.5442564330440909,0.5453454901666122,0.5340214537611827,0.5334874323074216,0.5340203857188093,0.5388458388492309,0.5399235294486988,0.5393836059192502,0.5426274664766114,0.5426274664766114
0.9554394565477586,0.9592659915664514,0.9631078518578748,0.9631078518578748,0.9631078518578748,0.9592659915664514,0.9631078518578748,0.9631078518578748,0.9631078518578748,0.9631078518578748,0.9631078518578748,0.9631078518578748,0.9631078518578748
0.030503228843208996,0.030503228843208996,0.030503228843208996,0.030503228843208996,0.030503228843208996,0.030503228843208996,0.030503228843208996,0.030503228843208996,0.030503228843208996,0.030503228843208996,0.030503228843208996,0.030503228843208996,0.030503228843208996
0.3680826882636562,0.3710373056857771,0.38271176049533223,0.38462876561529513,0.38462876561529513,0.3721515310857888,0.3736419979659251,0.3736419979659251,0.3751384341659089,0.37852821661597524,0.38233057805485515,0.3819482474768003,0.3815662992293235
0.146979629552566,0.14845605759987981,0.15420239899454383,0.15420239899454383,0.15435660139353838,0.14875296941801902,0.14875296941801902,0.14934887440866823,0.15039730769087437,0.15175631041551196,0.15190791481786076,0.1523640944379667,0.1540485046924046
0.4791257619617276,0.4791257619617276,0.4829678637108577,0.4868451568007636,0.487818846140188,0.47912528283596567,0.47912528283596567,0.48008353244290786,0.4810441795913261,0.4815242607209514,0.4815232976729115,0.4815232976729115,0.48200385696142456
0.028255312356247564,0.028255312356247564,0.030242478549613754,0.030576814149982694,0.03085310881495086,0.028255312356247564,0.028255312356247564,0.028482147588120458,0.028797022438673766,0.029057234756011564,0.02934911817211322,0.029643933592217,0.0299716521791242
0.6346672067121097,0.6359371757927407,0.6429649945445088,0.6474786268182238,0.6474786268182238,0.6378462579206876,0.6378462579206876,0.6378462579206876,0.6378462579206876,0.6378462579206876,0.6372084116627669,0.6397610711093588,0.6397604313482876
0.9608036024061917,0.9608016807999477,0.9723939533382824,0.9743387392991986,0.9743387392991986,0.9608016807999477,0.9608016807999477,0.9608016807999477,0.9627232822389833,0.9627232822389833,0.9627232822389833,0.9627232822389833,0.9636860055212223
0.5628009680451554,0.5673191657729038,0.5805108870761064,0.5857558465314259,0.5857558465314259,0.5724455094811914,0.5753128918975428,0.5753128918975428,0.5753128918975428,0.5764635165301368,0.5764635165301368,0.5764635165301368,0.5764635165301368
0.5121310230151241,0.5146962898674966,0.5287720900092903,0.5303594627643672,0.5303594627643672,0.5172744061543462,0.5209062078826756,0.5256131601989249,0.525087547038726,0.525087021951179,0.5256115833610212,0.5256110577494378,0.5287720900092903
0.5984748100056443,0.5984748100056443,0.6154578392427666,0.6148423814035239,0.6148423814035239,0.5984748100056443,0.5984748100056443,0.5984748100056443,0.5984748100056443,0.6038826787362227,0.6063006225603106,0.6099475329401215,0.6099463130456655
0.2282731181076485,0.23056614901980896,0.23264933148942474,0.23264933148942474,0.23264933148942474,0.23264956413898888,0.23264933148942474,0.23264933148942474,0.23264933148942474,0.23264933148942474,0.23264933148942474,0.23264933148942474,0.23264933148942474
0.9562288587524777,0.9610195749018982,0.9706702200397092,0.9745577542661109,0.9745577542661109,0.9629416121287018,0.9658323609195392,0.9658323609195392,0.9658323609195392,0.9658323609195392,0.9658323609195392,0.9658323609195392,0.9658323609195392
0.7952449740638261,0.8016292453050408,0.8056421932674909,0.8088687902474958,0.8096768493600842,0.8056446101989044,0.8056446101989044,0.8056446101989044,0.8056438045542943,0.8056438045542943,0.8064486419094002,0.8056421932674909,0.8056421932674909
0.4958978086924865,0.5008791617928031,0.5181894397926614,0.5181894397926614,0.5181894397926614,0.5054051480357864,0.5109924855061888,0.511502966488217,0.511502966488217,0.515094246736448,0.5166405586334165,0.5176738387168857,0.5171551305663562
0.9573505190300107,0.9611856690396043,0.9621449304158967,0.9621449304158967,0.9621449304158967,0.9621458925617892,0.9621458925617892,0.9621449304158967,0.9621449304158967,0.9621449304158967,0.9621449304158967,0.9621449304158967,0.9621449304158967
0.2728670042742306,0.27560798613357673,0.2900200425888009,0.2900200425888009,0.2900200425888009,0.2756077105255906,0.27754248437435075,0.2792119079728769,0.2822986417777509,0.2848495160535458,0.2862763287022787,0.2862763287022787,0.28944116084628013
0.0210283316823216,0.021239563801891577,0.023215523915097472,0.023472175370212178,0.0236842719214806,0.02143148628720769,0.021668414911390314,0.02186421253140944,0.02210592501576454,0.022305676013892824,0.022529739210823317,0.02275605314950167,0.023007625079338203
0.23668348754246016,0.2390610016266059,0.2520650713815364,0.2548516924196941,0.2545968407272744,0.24049871783723897,0.24218726776105184,0.2443756922868173,0.24609121649260796,0.24609097040139147,0.24856298378173108,0.2500578450460727,0.25080851819603484
0.4673106074714691,0.4673106074714691,0.47722098089673975,0.48009099455693977,0.4810511755853915,0.4673106074714691,0.4687134729790748,0.4687134729790748,0.471532322367553,0.47058972925514025,0.47058972925514025,0.47058972925514025,0.4729473885069592
0.5541036916565651,0.5596697298482,0.5726801447644417,0.5778549307298952,0.5778543528749646,0.5624731183205549,0.5619100832915892,0.5630344653682556,0.5669869830879805,0.5692577659524106,0.5703957099489504,0.5703957099489504,0.5726801447644417
0.5954271371457532,0.5954271371457532,0.6080539019398564,0.6086607385184932,0.611098424773214,0.5948317100086075,0.5978112250152195,0.6032130975359995,0.6044195225240421,0.6044195225240421,0.6044195225240421,0.6056289659886126,0.6080539019398564
0.1058146958406293,0.1058146958406293,0.11213005816286598,0.1129173272297064,0.11371001003012333,0.1058146958406293,0.10698449479754003,0.1079512156927217,0.10914463422982913,0.11013087432664512,0.11123715219811646,0.11213005816286598,0.11213005816286598
0.9299123470971966,0.9299123470971966,0.9308403977607057,0.9373758608053965,0.9458460679414339,0.9299123470971966,0.9299123470971966,0.9299114171848495,0.9299114171848495,0.9299114171848495,0.9317721699306364,0.9308403977607057,0.9308403977607057
0.5543629374184628,0.5599315797649397,0.5886216480026705,0.5951289576384293,0.5969149366616826,0.5649911686245704,0.5695263798784255,0.5746726681590549,0.5787068863884035,0.5833527777204572,0.5856891055923086,0.5851034164867163,0.5874467556668178
0.8105113385601542,0.8105113385601542,0.8137558089529726,0.8211081537918206,0.8211081537918206,0.8105113385601542,0.8105105280488156,0.8105105280488156,0.8097000175207668,0.8097000175207668,0.8113202272558259,0.8137558089529726,0.8137558089529726
0.3368547050540318,0.3368547050540318,0.3551780499019538,0.3587458561092619,0.36090335871033996,0.3375287513188449,0.3402381108212375,0.34331253101353243,0.3457225945987999,0.3457222488762053,0.34814957689795134,0.3516467812490397,0.3544694668559404
0.27740051945642374,0.27740051945642374,0.2980986298657378,0.2980986298657378,0.2980986298657378,0.2790690891331272,0.2801867608337089,0.2824361158597693,0.2855584938158927,0.28813882438894295,0.29103321351717065,0.29395667713212653,0.2972064167978155
0.9303763203576196,0.9303763203576196,0.9378435579337736,0.9425412209999842,0.9453697824867872,0.9303763203576196,0.9322370711366518,0.9369075881900792,0.9378435579337736,0.9378435579337736,0.9378435579337736,0.9378435579337736,0.9378435579337736
0.5593150333358292,0.561555651597192,0.5763377672456756,0.5786460000006106,0.5809634772277175,0.5666299157065258,0.568899268516095,0.5694675983164432,0.5711771389059449,0.5746127808285781,0.5751868184220131,0.5751868184220131,0.5751868184220131
0.4357300615794052,0.4370381223514988,0.46127271731691555,0.46265745709037126,0.46265745709037126,0.4370381223514988,0.4418696510498095,0.444527061317392,0.4467541463420858,0.4507910543921285,0.453049069035276,0.45395516626679533,0.45759908619533296
0.5994886235022328,0.6043007474837176,0.6177315683223231,0.6177315683223231,0.6177315683223231,0.6043007474837176,0.6061148571172489,0.6061148571172489,0.6067203652533941,0.6079338047698535,0.6073258709650836,0.6128137186270968,0.6134253054932726
0.5188751978743585,0.520953293039249,0.5335994143469529,0.5368084886952198,0.5373442224938579,0.520953293039249,0.520953293039249,0.520953293039249,0.520953293039249,0.5230402340154984,0.5225166712642891,0.524085265264823,0.5288209438110191
0.313089074967413,0.3162340923619773,0.32100934759467464,0.3235861050497481,0.3235861050497481,0.31718342647383074,0.31718342647383074,0.31718342647383074,0.31718342647383074,0.31877219984136657,0.31877219984136657,0.3206893003140188,0.3203682906450938
0.28147092629889436,0.28147092629889436,0.29648545992895,0.29976315570654266,0.30156593552164185,0.2820341496224184,0.2851520837753307,0.2857221016499047,0.2871532850842484,0.2888802289608871,0.2897477365773369,0.29265828742190475,0.293830383861565
0.22360135831242406,0.22584746083584806,0.23813228461825095,0.24076487639522642,0.24172913972398452,0.22788823749163276,0.23040757963397046,0.23248956190684011,0.23248886443885186,0.23272112058193742,0.2336531686687035,0.23458894960805246,0.23599977083523727
0.7705218464203314,0.7736085600199492,0.7751550004362227,0.7774827916776876,0.7798167934610052,0.7759309313675903,0.7759309313675903,0.7759309313675903,0.7751550004362227,0.7751550004362227,0.7751550004362227,0.7751550004362227,0.7751550004362227
0.29772295454356174,0.29772295454356174,0.3101769326041309,0.3117302986782655,0.31172998694796683,0.29772295454356174,0.29772295454356174,0.29772295454356174,0.29772295454356174,0.2980206774981053,0.30101433102871455,0.30403805616890667,0.3073992471466063
0.7836310073598507,0.7836310073598507,0.7907088002230871,0.7907088002230871,0.7907088002230871,0.7851982678065248,0.7851982678065248,0.7851982678065248,0.7915018835265863,0.7915010920247029,0.7907095909326781,0.7907088002230871,0.7907088002230871
0.43943995902054245,0.4425248398433315,0.44652174543260936,0.44652174543260936,0.44652174543260936,0.4425248398433315,0.4420823150034882,0.4429669217158102,0.4465226384774398,0.44607611583896234,0.44652174543260936,0.44652174543260936,0.44652174543260936
0.7391243991440183,0.7406033870667055,0.7480405929916435,0.7480405929916435,0.7487878847960016,0.7450573862049618,0.7450573862049618,0.7450573862049618,0.7450573862049618,0.7450573862049618,0.7450573862049618,0.7450573862049618,0.7458016977887232
0.2247081281079099,0.2267386096573173,0.23955148753326683,0.2421997688331053,0.24341294868497598,0.22878743880882169,0.2313167217703863,0.2334069191280832,0.23598727120831803,0.23622302225626787,0.23622302225626787,0.23811919580454535,0.23811919580454535
0.8762330345340241,0.8762330345340241,0.8762330345340241,0.8762330345340241,0.8762330345340241,0.8762330345340241,0.8762330345340241,0.8762330345340241,0.8762330345340241,0.8762330345340241,0.8762330345340241,0.8762330345340241,0.8762330345340241
0.989519154940128,0.989519154940128,0.989518165420973,0.989518165420973,0.989518165420973,0.989519154940128,0.989518165420973,0.989518165420973,0.989518165420973,0.989518165420973,0.989518165420973,0.989518165420973,0.989518165420973
0.23746598396637802,0.2396117465745915,0.25188985470612896,0.25391178667114744,0.25391178667114744,0.24177689847424746,0.2444497820599667,0.24420533227790672,0.24641199220441848,0.248638591695664,0.25013390766705845,0.2498837737593914,0.2498837737593914
0.8031461776283538,0.8071691408438022,0.8095930705809252,0.8169078047660014,0.8169078047660014,0.8071691408438022,0.8071691408438022,0.8071691408438022,0.8071691408438022,0.8071691408438022,0.8071691408438022,0.8071691408438022,0.8071691408438022
0.2865335062850038,0.2868200397912888,0.30091474818766883,0.3033302053279176,0.3033302053279176,0.2894117697999017,0.2926112647636213,0.2946654040394698,0.29762535344484886,0.297327728091404,0.297327728091404,0.2982203053355866,0.30091474818766883
0.4741249600472968,0.47793126181076956,0.49346006275394705,0.4989153453316724,0.4984164299863407,0.47793078387950777,0.4808050663047834,0.4808041046951316,0.4827297251320296,0.48272875967306206,0.4851467504414902,0.4885529827734665,0.4910001471044966
0.7193593714749612,0.7236856088060328,0.7353444739190185,0.7353444739190185,0.7397668458799799,0.7302248928480709,0.7302234323990154,0.7316838778026364,0.7316831461187586,0.7309514629726399,0.7324126320225869,0.7346113332768954,0.736080554473492
0.30862281807603686,0.30862281807603686,0.31865177383827076,0.322174521880898,0.3241120839659285,0.30831388694376555,0.3104782590672116,0.3104782590672116,0.3104782590672116,0.3114103141790431,0.314538468219684,0.3176980449436993,0.3180154249729
0.7097287692790712,0.7097280595503019,0.7276829101084379,0.7276829101084379,0.7276829101084379,0.7161412220030706,0.7182910765170921,0.7182910765170921,0.7182910765170921,0.7204481053381641,0.7255056712202611,0.7276836377920757,0.7276829101084379
0.7468272268463335,0.7543291961162943,0.7672520596929697,0.7672520596929697,0.7703249041882007,0.7611453781911942,0.7619057616628617,0.7634295716616141,0.7626661420899524,0.7649556643208854,0.7649556643208854,0.7657206199852062,0.7672520596929697
0.07679437540068584,0.07702498898680848,0.08154046666244769,0.08154046666244769,0.08186703623102276,0.07772099326710721,0.07858021169732286,0.07858013311711116,0.0789738203702222,0.0796874344548491,0.08048790431319468,0.08129641498749202,0.08154046666244769
0.1058352971525931,0.10689842543497866,0.10808009712152325,0.10818817721864478,0.1091657746894447,0.10786436860015954,0.10808009712152325,0.10808009712152325,0.10808009712152325,0.10808009712152325,0.10808009712152325,0.10808009712152325,0.10808009712152325
0.43210424161041894,0.4321038095061773,0.4412666609895951,0.44480872967669155,0.4461435984481841,0.4321038095061773,0.43296801626055,0.4334009842768105,0.4351367552166704,0.4351367552166704,0.43775367375445196,0.43819098923677896,0.43994594414647953
0.31231995030801163,0.3154572417529155,0.32799542510550445,0.32832276388409715,0.32832276388409715,0.3183077399275906,0.3205422691789508,0.3224700148733803,0.3224700148733803,0.3221475448585069,0.3221475448585069,0.3244090296480504,0.3250581721163761
0.14334214806709145,0.14478203717562113,0.1525051608203449,0.1532690599326559,0.15357559774582982,0.14579841113251593,0.1465288626310031,0.14785290976064241,0.14829676389959434,0.14963678593382335,0.15053670365934224,0.1509886145422024,0.15129059146915858
0.2981499822719797,0.2981499822719797,0.2981499822719797,0.2981499822719797,0.2981499822719797,0.2981499822719797,0.2981499822719797,0.2981499822719797,0.2981499822719797,0.2981499822719797,0.2981499822719797,0.2981499822719797,0.2981499822719797
0.517900365165428,0.5204950511765004,0.5304697244089226,0.5352630934650445,0.5352625582019511,0.5220575762775801,0.526248683771734,0.5262481575230502,0.5304729072384089,0.5299424343311705,0.5299413744468318,0.5310012561353127,0.5310007251340566
0.39653388907927667,0.4005171196625168,0.4081941902408854,0.41147078461641423,0.41270601908765625,0.4001166025428543,0.4001166025428543,0.4001166025428543,0.40171906953403624,0.402925432301566,0.40575398012387043,0.4057535743698903,0.4057535743698903
0.7597056833095195,0.7619863182491236,0.764273799650248,0.7719510218412807,0.7719502498902588,0.7619863182491236,0.7619863182491236,0.7619863182491236,0.7619863182491236,0.7619863182491236,0.764273799650248,0.764273799650248,0.764273799650248
0.6205138059162356,0.6229995867054117,0.6292545461626352,0.6292545461626352,0.6298831708249971,0.6261201947470963,0.6261201947470963,0.6267456881955284,0.6311460916303976,0.6305149455387672,0.6298844305932284,0.6292545461626352,0.6292545461626352
0.6486277154770316,0.6551432588506996,0.6603981628610408,0.6603968420653754,0.6603968420653754,0.6557977463111482,0.655141948564837,0.6544868066162721,0.655140638281595,0.655140638281595,0.6551399831409568,0.6551393280009736,0.6544841886729726
0.2242877059452944,0.22654070291319656,0.23696161063600238,0.2371980978497311,0.2371980978497311,0.22858774376271196,0.23111481906252615,0.23134570253565478,0.23180839347780335,0.23180839347780335,0.23227200980091037,0.23437083922161578,0.23530949443152557
0.502074774685731,0.5071181761519845,0.5106756065692798,0.5132335832334054,0.5142600493728918,0.508132411489545,0.5086400352604906,0.5081313952252301,0.5081313952252301,0.5081313952252301,0.5081308870938348,0.510676117245397,0.5111867933626424
0.693175380762314,0.6945617301367947,0.7092893473259291,0.7149828469925931,0.7171292240671534,0.6938671684066579,0.6938664745394895,0.6959494603062418,0.702237415938983,0.702237415938983,0.702939653354922,0.7036411857237944,0.7029375445380707
0.7549572563408615,0.7564671693428738,0.7648254499982645,0.7694258903879901,0.7740532284647351,0.7594968203523066,0.7594968203523066,0.7594968203523066,0.7594953013594253,0.7594953013594253,0.7632996171176069,0.7625363175004892,0.7632988538179897
0.3272990131192771,0.3286098456651821,0.3433825673318628,0.34338222394929546,0.3426958028836208,0.3286098456651821,0.3286098456651821,0.3286098456651821,0.33224268183822847,0.3352448546616085,0.33625092279254787,0.33827314054973046,0.3406478274727686
0.08150073056589746,0.08223717802363165,0.08863865172356174,0.08961856667303501,0.09015753398766534,0.08248405386733747,0.0828144025026634,0.08347924116936298,0.08440211798215183,0.08516478262066178,0.08602027309976633,0.08688435708357221,0.08784487801576205
0.8598068459679478,0.8684437090932938,0.8762875343485658,0.8762875343485658,0.8762875343485658,0.8719218261438668,0.8719218261438668,0.871049904317723,0.8719209542220407,0.8762884106369764,0.8762875343485658,0.8762875343485658,0.8762875343485658
0.5012743558231944,0.5052986144582242,0.5227626733332287,0.5280138872282937,0.5327850651330513,0.5098645352472838,0.5119065427083977,0.5139572423666257,0.5134432851242591,0.5134432851242591,0.5165316567608519,0.5180822837598343,0.5222409551412834
0.6415619064193032,0.6415619064193032,0.6519022890851217,0.6519022890851217,0.6519022890851217,0.6447761379892916,0.648653830710016,0.6499511370734798,0.6525548439290507,0.6519022890851217,0.6519022890851217,0.6519022890851217,0.6519022890851217
0.329672026125971,0.33132335495154486,0.3465639344723369,0.34829987495119263,0.34829987495119263,0.3343172206598374,0.33532084028662046,0.3370008010513418,0.34072640062346277,0.34380523304348853,0.3438045454333663,0.3438045454333663,0.34552666411874267
0.7339501755904914,0.7413227933326336,0.7577997406163094,0.7661773420362044,0.7684774048823431,0.7428046946304745,0.7480192043957008,0.7487664748328728,0.7487664748328728,0.7487664748328728,0.7510150213055625,0.7502640062842569,0.7517645327955472
0.40363504508253034,0.40363504508253034,0.41219503486307085,0.41675191912187776,0.4192582709979978,0.40363504508253034,0.40363504508253034,0.40323141003744783,0.40363423781284385,0.4072815107419056,0.4085041690213676,0.4085041690213676,0.4093211765419935
0.8829684952789608,0.8918380199559036,0.8945144213901429,0.8945144213901429,0.8945144213901429,0.8954098312213643,0.8954098312213643,0.8954098312213643,0.8945144213901429,0.8945144213901429,0.8945144213901429,0.8945144213901429,0.8945144213901429
0.4146785425939861,0.4167560862412412,0.4346200232418921,0.4341854032186502,0.4341854032186502,0.42052192929659216,0.4213625509507486,0.42517001840873864,0.42687282433033813,0.42858244998964506,0.4315911107948751,0.4337529528246404,0.4333191998718157
0.39802084169931373,0.39802084169931373,0.41716252148596766,0.41716252148596766,0.41716252148596766,0.39802084169931373,0.3984184641221505,0.40161698989146866,0.40403232009130824,0.4064621761207841,0.4089066453384393,0.41054472699570055,0.4150833668281876
0.133158786879919,0.13449638290117918,0.13872850421894145,0.13984208458710168,0.1405425542873084,0.13571170353173392,0.13598312666723827,0.13598312666723827,0.13598312666723827,0.13598312666723827,0.13639148413260313,0.1370746697578976,0.13831328800539092
0.5916307072995503,0.5945941884676037,0.6188470499497303,0.6188470499497303,0.6188470499497303,0.5945941884676037,0.5981706844120427,0.6035758050381723,0.6102484353523365,0.615762691552017,0.6188470499497303,0.6188470499497303,0.6188470499497303
0.33836371656507974,0.33836371656507974,0.34623125162030804,0.3493598263370431,0.35251667111811347,0.33836371656507974,0.33870174157956456,0.33870174157956456,0.33870174157956456,0.340058582111478,0.342445802884297,0.3458857121397661,0.34623125162030804
0.5878345643521319,0.5925537331946678,0.6027045220773931,0.602101215453498,0.602101215453498,0.5943319839822542,0.5943319839822542,0.5943319839822542,0.5943313896502702,0.5973083985497084,0.5973083985497084,0.6003009196025136,0.602103021760757
0.31721162409405856,0.32039805299017265,0.35020533994589725,0.35407691787860984,0.35727638669568035,0.32329319675083884,0.3268672564911331,0.32982085651886295,0.3334670806171137,0.3364803172108636,0.33986030244563054,0.34327424003838947,0.34706919351570265
0.5619178859627766,0.5624798038487394,0.576710113601214,0.5772862464279915,0.5772862464279915,0.5675624186755636,0.5726903877465831,0.5726903877465831,0.5726903877465831,0.5726903877465831,0.5726903877465831,0.5767112670231714,0.5761345557561482
0.32299660677962017,0.3252643772720128,0.34056647545995206,0.342614647011294,0.3432998756197447,0.32526405200763553,0.32526405200763553,0.3268936281624609,0.3291884305897549,0.33083766792054015,0.33282733028713696,0.3361706208291285,0.33886907855283294
0.751371744535589,0.751371744535589,0.7604364408043012,0.7627185067571713,0.7627185067571713,0.751371744535589,0.751371744535589,0.7543809883686942,0.7589178461940669,0.7589178461940669,0.7589178461940669,0.7589178461940669,0.7589178461940669
0.08534266443000182,0.08534266443000182,0.08926879740014339,0.09025567871425354,0.09107123661997613,0.08534266443000182,0.08534266443000182,0.08534266443000182,0.08534266443000182,0.08577023203264958,0.08663180432387879,0.08750203121234319,0.08846938063414696
0.5983740415681569,0.5983740415681569,0.6043829675938746,0.6043829675938746,0.6043817588285438,0.5983740415681569,0.5977756675265887,0.6013706987599446,0.6013706987599446,0.6013706987599446,0.6013706987599446,0.6013706987599446,0.6019720694587046
0.45524420803302135,0.4598171908277341,0.47761454305835604,0.47856977118876604,0.48000643668329895,0.46397213764669243,0.46722923505068115,0.46722876782144607,0.46816369258585677,0.4691000190342329,0.47192166503776345,0.4742855230151821,0.4757093272052793
0.7818507332910003,0.7826318013917073,0.7984324365988065,0.7992300698045363,0.8000284998450409,0.7826318013917073,0.7826318013917073,0.7826318013917073,0.7857670275193923,0.7865520079941172,0.7865520079941172,0.7889132355466512,0.7912823427819109
0.8598742572677174,0.8624555980657062,0.8667747756887328,0.8667739089139572,0.8667739089139572,0.8624555980657062,0.8659105986422423,0.8650446880436,0.8650446880436,0.8641796433555564,0.8641796433555564,0.8641796433555564,0.8641796433555564
0.5589418286991815,0.560620331569707,0.571363958434593,0.5719347504577051,0.5719341785229547,0.5656861440485875,0.5673843327199516,0.5679511491009546,0.5690864811756358,0.5690864811756358,0.5690864811756358,0.5707948776522442,0.5707937360630597
0.5711374615514293,0.5711374615514293,0.5879303147866134,0.588517656583155,0.588517656583155,0.5717080273043817,0.5745722902411161,0.5751462873844947,0.579183830434074,0.5844173842503684,0.583832966866118,0.5844167998329841,0.5855856322632321
0.4742995121759114,0.47906390779138247,0.4936432141521287,0.49562025522233777,0.494629015702638,0.48002203464835835,0.4824269498445675,0.4843590697762809,0.4867852267761595,0.4906931658707935,0.4931510503896483,0.4931510503896483,0.49265789933925863
0.6180545899904725,0.6230157438769046,0.6387762891565344,0.6387762891565344,0.6387756503802452,0.6242623983804023,0.6236381359820219,0.626136432849942,0.6286441092603728,0.6324247837344735,0.6324247837344735,0.6336896320364604,0.6355926026351556
0.9021489404189287,0.9084820512534574,0.9093887145245536,0.9093887145245536,0.9093887145245536,0.9093896239141775,0.9093896239141775,0.9093896239141775,0.9093896239141775,0.9093896239141775,0.9093896239141775,0.9093887145245536,0.9093887145245536
0.8851424671895565,0.8869136372664027,0.9111714884989311,0.9111714884989311,0.9111714884989311,0.8949278635053506,0.9048214389952399,0.9084452488538882,0.910262137533797,0.910262137533797,0.910262137533797,0.910262137533797,0.910262137533797
0.37740146243457817,0.3811925054922586,0.39357928016640814,0.39357928016640814,0.39357928016640814,0.3846369930401354,0.38772449266199893,0.38927732925317005,0.3920104590201959,0.39161844856117567,0.39161844856117567,0.39201006700973684,0.39436762104086887
0.49392177387817,0.49392177387817,0.49392177387817,0.49392177387817,0.49392177387817,0.49392177387817,0.49392177387817,0.49392177387817,0.49392177387817,0.49392177387817,0.49392177387817,0.49392177387817,0.49392177387817
0.6739463188098318,0.6739463188098318,0.6868637650326607,0.6875499412470645,0.6868623913058174,0.6759695043089837,0.6759695043089837,0.6759695043089837,0.6759695043089837,0.6786767621703585,0.6807141484510038,0.6820762574620542,0.6848079728697767
0.1880383511946514,0.1884146159353919,0.19985926783928054,0.20005892704799272,0.20146354778386535,0.19011714625557583,0.19221892273958693,0.19395582909609516,0.19610004285355942,0.19787201933792106,0.1990620244324248,0.1990620244324248,0.1990620244324248
0.3715655251081911,0.37417392550348205,0.39138559314181287,0.39334604553282765,0.39334525884113,0.37529719487837276,0.37529719487837276,0.3775546150171418,0.3817285437074355,0.38517787494171946,0.3871072328412626,0.387881058650897,0.3902141709821239
0.35312884961103663,0.35312884961103663,0.3671643310566645,0.37122339343994454,0.3723378053234904,0.35312884961103663,0.35489802868064235,0.3545431306519617,0.35667535800330136,0.3581038428103198,0.36170103895910277,0.36206237793532187,0.3638763140712123
0.648924739620836,0.648924739620836,0.6733702040365829,0.6753916600403396,0.6753916600403396,0.648924739620836,0.648924739620836,0.6489240906960964,0.6560980538056616,0.6620266110148371,0.6653427056162274,0.6693447553073474,0.6726975065300528
0.44794791858218463,0.45244760927227484,0.47090105100051133,0.47137148067955975,0.47137148067955975,0.45653596393232376,0.45699204290375617,0.45699204290375617,0.460660800647757,0.4634312211520974,0.46435808266707573,0.46621830300413675,0.47137242342393526
0.8696676334031033,0.8766493739263763,0.888999893229015,0.888999893229015,0.888999893229015,0.8845708514182907,0.8898906729027,0.889889783012027,0.889889783012027,0.889889783012027,0.889889783012027,0.889889783012027,0.888999893229015
0.2082004597982649,0.20987169489143206,0.21669143388851686,0.2190869935158494,0.21952516706448802,0.20987169489143206,0.20987148501973715,0.21092294325945043,0.2115561335126364,0.21176726611098154,0.2121910124104696,0.2136805992619071,0.21475092645094265
0.4445730813502192,0.4463540428928451,0.45309279965373833,0.4539989843464071,0.4567293405942458,0.4472467500854763,0.44679950333539087,0.44679905653588753,0.4472458555924234,0.4476926537549144,0.4503855340278214,0.452188875900021,0.45173668702412095
0.9595002429943844,0.9691385382770293,1.019818642517028,1.019818642517028,1.019818642517028,0.9778957556387714,0.9887065548933155,0.9976405904993838,1.0086696721677344,1.0177840961809141,1.017783078396818,1.019818642517028,1.019818642517028
0.7264358830592124,0.7278887533717326,0.7403593903057865,0.7403586499463962,0.7403586499463962,0.7300746040259967,0.7293445294219707,0.7293445294219707,0.7293445294219707,0.7315347517731694,0.7344645484503602,0.7359342120118094,0.7381434850421918
0.5305651939762045,0.5305651939762045,0.549450865841745,0.5516514165566917,0.5538607804772407,0.5305651939762045,0.5305651939762045,0.5342903107914742,0.540196978511738,0.5401964383147594,0.540195898118321,0.5434446438123394,0.5456205939869488
0.2289943223585849,0.2312945978541421,0.23714617465568652,0.23857237507010895,0.23881094744517906,0.2315256609261038,0.2315256609261038,0.2315256609261038,0.2315256609261038,0.2315256609261038,0.23175695482984332,0.2340849813006711,0.23596399269148222
0.9963084950173726,1.0063165336163178,1.0999362213948578,1.1120961981753419,1.1221451929783992,1.0154096944715865,1.0266352165221242,1.0359119787054616,1.0473641568978571,1.0568282275302754,1.067444194117405,1.07816679936505,1.0900861115858465
0.7242572086926511,0.7242572086926511,0.7235329514839585,0.7235329514839585,0.7235329514839585,0.7235329514839585,0.7235329514839585,0.7235329514839585,0.7235329514839585,0.7235329514839585,0.7235329514839585,0.7235329514839585,0.7235329514839585
0.3312658351419746,0.3345934402775253,0.34374485881095584,0.3444323478407442,0.34512121184721656,0.3369422956015695,0.3369422956015695,0.3369422956015695,0.3369422956015695,0.3369422956015695,0.34032692146480564,0.3410075746267411,0.3423736523350671
0.4629949448663378,0.4676457847442592,0.4852594282140964,0.4847741687858823,0.48574371615342093,0.46858060679691316,0.4695177670728771,0.4737603691148585,0.47708618017796117,0.4789969103271865,0.47995490318936807,0.4818766406971172,0.4823585173378143
0.7004415386415337,0.7004415386415337,0.7188803371667857,0.726827678146983,0.726100850468836,0.7004415386415337,0.7004415386415337,0.7046547085158041,0.7053586578649568,0.7053586578649568,0.7060633104588052,0.7110206056984794,0.7188810560478418
0.3283191840415699,0.3283191840415699,0.3406865238577305,0.34445286970483824,0.34756537481297667,0.33095494885993065,0.3329453165557389,0.3342790968259754,0.33461270669638415,0.3366254088244382,0.3366250721990294,0.3369613603095311,0.3376356199915105
0.3853559448072824,0.38922689159660684,0.40510223031754505,0.4075381132635794,0.4087615418632975,0.3927439785332243,0.39708582814845256,0.3966887423203041,0.39708503397719336,0.39708503397719336,0.39708503397719336,0.39987298191262977,0.4030827815491402
0.5730950283903855,0.5788518368424648,0.5870051273149808,0.5887673155314085,0.5887673155314085,0.5794301092486185,0.5794301092486185,0.5794301092486185,0.5829148100376532,0.5829148100376532,0.5823318952276155,0.5817495633323879,0.584079470330623
0.39205580613057,0.3959940538322789,0.4052007823814125,0.4068236115128225,0.4076376655594597,0.3995722894161531,0.403182455054928,0.40358483033911147,0.4039880111810354,0.4039880111810354,0.4039880111810354,0.4039880111810354,0.4039880111810354
0.32422187284751036,0.3274787205350568,0.34083554588457954,0.3408352050490337,0.3408345233789644,0.3294481821450521,0.3327575287377483,0.3357643537610243,0.3360997820146672,0.3360997820146672,0.337109089996157,0.33879767111180464,0.33879767111180464
0.8454813034310704,0.848868304915386,0.8531185842550689,0.8522654656708138,0.8573918595049222,0.8531202904947968,0.8531202904947968,0.8531202904947968,0.8531202904947968,0.8539725568118808,0.8531185842550689,0.8531185842550689,0.8531185842550689
0.8277406269976311,0.8318867839328193,0.8360537089888059,0.8452964209668237,0.8444511245458568,0.8318867839328193,0.8318867839328193,0.8318867839328193,0.8327178379980815,0.8327178379980815,0.8327178379980815,0.8327178379980815,0.8327178379980815
0.48333595853361727,0.48333595853361727,0.4950694155511799,0.49804676994726954,0.4975487231773223,0.48333595853361727,0.4862427477549351,0.4862427477549351,0.48624226151218736,0.48624226151218736,0.48624226151218736,0.48624226151218736,0.4906359874928892
0.5674214978884611,0.5708339787206552,0.5759880506419441,0.5800315028931718,0.5794503124879153,0.5708334078866766,0.5714042412945632,0.5719745015851387,0.5719739296106372,0.5731184494437881,0.5742641109311803,0.5759880506419441,0.5759880506419441
0.5686523288422759,0.5732169284050879,0.5778158569586771,0.5795504590039013,0.5818715585893119,0.5732169284050879,0.5732169284050879,0.574363361114891,0.574363361114891,0.5755120866878197,0.5760875987745075,0.5778164347751119,0.578394251209887
0.2723344298625071,0.2723344298625071,0.28628987579686255,0.2874364667479964,0.2877236154908412,0.27479526668118537,0.27479499188591866,0.27479499188591866,0.27479499188591866,0.2750697868778046,0.27783289595320054,0.2806237607914128,0.283726102862618
