nullwillpower0,willpower1,willpower2,willpower3,willpower4,willpower5,willpower6,willpower7,willpower8,willpower9,willpower10,willpower11,willpower12
0.6432468207698191,0.09753853050298647,0.14536545520400662,0.14536545520400662,0.15414990605450346,0.09753853050298647,0.09753853050298647,0.16343119782380092,0.16343119782380092,0.16343119782380092,0.14536545520400662,0.14536545520400662,0.14536545520400662
0.7182243427795572,0.19877063858624158,0.2096726617148191,0.17606619000472715,0.17606619000472715,0.19877063858624158,0.19877063858624158,0.19877063858624158,0.22406847976563757,0.22406847976563757,0.22406847976563757,0.2096726617148191,0.2096726617148191
0.05620980032692635,0.05620980032692635,0.3729101916225695,0.3729101916225695,0.3729101916225695,0.05620980032692635,0.05620980032692635,0.05620980032692635,0.05620980032692635,0.05620980032692635,0.05620980032692635,0.05620980032692635,0.05620980032692635
0.08845623166114724,0.08845623166114724,0.29094965246516213,0.29094965246516213,0.29094965246516213,0.08845623166114724,0.44628335174909334,0.3798990042968836,0.3798990042968836,0.3798990042968836,0.42252869756788947,0.3342351702270667,0.3766838060509282
0.3844525729898254,0.3844525729898254,0.29443137644821626,0.27050245469275475,0.27050245469275475,0.3844525729898254,0.3844525729898254,0.3525934692106771,0.3230053695234085,0.3230053695234085,0.3230053695234085,0.3230053695234085,0.3230053695234085
0.7681470081605577,0.7681470081605577,0.3436250691126296,0.2777679365577616,0.2777679365577616,0.7681470081605577,0.43715527954301,0.43715527954301,0.3969188794957617,0.3969188794957617,0.3999546004507074,0.3436250691126296,0.3436250691126296
0.12889353643384527,0.12889353643384527,0.05964501160363119,0.05964501160363119,0.06821199922690953,0.12889353643384527,0.12889353643384527,0.08133525132658012,0.06572949996954612,0.06572949996954612,0.06572949996954612,0.05964501160363119,0.05964501160363119
0.9169366514236248,0.9169366514236248,0.3743405050594054,0.37156117816121903,0.37156117816121903,0.9169366514236248,0.9169366514236248,0.5147134697641543,0.36167036387021073,0.36167036387021073,0.36167036387021073,0.3743405050594054,0.3743405050594054
0.5146002782135439,0.5146002782135439,0.27045296327588486,0.23538192452725487,0.28017411057975056,0.5146002782135439,0.3054353300648121,0.3054353300648121,0.25484541301635827,0.229323729002243,0.229323729002243,0.27045296327588486,0.27045296327588486
0.5804419816824846,0.3447357658837065,0.5274768310535712,0.4442074821872368,0.6368533253105909,0.3447357658837065,0.3447357658837065,0.3447357658837065,0.5180470436018798,0.5180470436018798,0.5210039486898798,0.44318898463390277,0.5274768310535712
0.10113227942253372,0.10113227942253372,0.27843643430957704,0.22350691308919035,0.31355995569401146,0.10113227942253372,0.10113227942253372,0.10113227942253372,0.3060463291507837,0.3060463291507837,0.2750118938670732,0.2750118938670732,0.27843643430957704
0.36719498465414635,0.36719498465414635,0.1459815132025047,0.0975071528686181,0.0975071528686181,0.36719498465414635,0.36719498465414635,0.11316091143279594,0.08410944483063934,0.08410944483063934,0.08410944483063934,0.13982241972498954,0.1459815132025047
0.39580112939192075,0.39580112939192075,0.16746541848764077,0.16746541848764077,0.18618689501738933,0.39580112939192075,0.39580112939192075,0.17261719449781135,0.17261719449781135,0.17261719449781135,0.16480187773803698,0.16480187773803698,0.16480187773803698
0.1500075033248739,0.1500075033248739,0.1500075033248739,0.1500075033248739,0.1500075033248739,0.1500075033248739,0.1500075033248739,0.1500075033248739,0.1500075033248739,0.1500075033248739,0.1500075033248739,0.1500075033248739,0.1500075033248739
0.1455244873887016,0.1455244873887016,0.2390647610952556,0.28350997116582227,0.4047623690517157,0.3075717066157454,0.48892980535466474,0.29263747739220797,0.36428978830940656,0.36428978830940656,0.3753498223546535,0.3753498223546535,0.36079042865616356
0.12801337141976887,0.12801337141976887,0.32085393965028536,0.349723666717111,0.4435106561150397,0.12801337141976887,0.12801337141976887,0.48465856845957095,0.47369579273180784,0.47369579273180784,0.4144125024203196,0.46034332575648934,0.48647418284779737
0.07778423729143807,0.07778423729143807,0.35466872391056475,0.35466872391056475,0.49941362393653715,0.07778423729143807,0.07778423729143807,0.07778423729143807,0.42442891682249556,0.42442891682249556,0.4620816885060146,0.4620816885060146,0.4620816885060146
0.5493710625895294,0.2751848339414167,0.33359192541195304,0.33359192541195304,0.40204220022163945,0.2751848339414167,0.3660041263744144,0.43008166792339114,0.43008166792339114,0.43008166792339114,0.43008166792339114,0.35592005752988787,0.43220820637633317
0.5761138237157728,0.5761138237157728,0.15581114000350788,0.15581114000350788,0.15581114000350788,0.5761138237157728,0.2069854619150604,0.19163310791848315,0.19163310791848315,0.19163310791848315,0.19163310791848315,0.1346295680449311,0.1838707940636107
0.609080448760652,0.609080448760652,0.361314595475952,0.361314595475952,0.4198781774620639,0.609080448760652,0.609080448760652,0.609080448760652,0.609080448760652,0.609080448760652,0.361314595475952,0.361314595475952,0.361314595475952
0.11386525566481853,0.11386525566481853,0.14071677962925289,0.139549241878613,0.139549241878613,0.11386525566481853,0.15431772780015618,0.15431772780015618,0.13576549987643277,0.13576549987643277,0.14071677962925289,0.14071677962925289,0.14071677962925289
0.16721427968847613,0.16721427968847613,0.19013575040740888,0.15582254706343637,0.15582254706343637,0.16721427968847613,0.23892202091576017,0.23892202091576017,0.23892202091576017,0.22158552026897804,0.27454740578637216,0.1881517193106203,0.1881517193106203
0.6243785420527505,0.6243785420527505,0.23743700195541206,0.23743700195541206,0.23743700195541206,0.6243785420527505,0.6243785420527505,0.3602303919267973,0.3602303919267973,0.32968895411636256,0.40726544201324444,0.40726544201324444,0.40726544201324444
0.09655266247347671,0.09655266247347671,0.5086799511680422,0.4307352386216741,0.4307352386216741,0.09655266247347671,0.09655266247347671,0.09655266247347671,0.09655266247347671,0.5536183915949067,0.619171654125525,0.619171654125525,0.5086799511680422
0.9590786592876628,0.9590786592876628,0.3764160374865263,0.3176481021353923,0.3176481021353923,0.3846070343062387,0.3846070343062387,0.5649771372647492,0.3909838560498605,0.3909838560498605,0.4755912760939185,0.4807348132031976,0.4807348132031976
0.3332772199228874,0.3332772199228874,0.3332772199228874,0.3332772199228874,0.3332772199228874,0.3332772199228874,0.3332772199228874,0.3332772199228874,0.3332772199228874,0.3332772199228874,0.3332772199228874,0.3332772199228874,0.3332772199228874
0.7507765366685345,0.7507765366685345,0.20602366374927414,0.20602366374927414,0.2948928962655883,0.23432033091962673,0.23432033091962673,0.316989308816752,0.2795877685687144,0.2890138696135558,0.2890138696135558,0.28788524630046863,0.28788524630046863
0.6459762746850871,0.6459762746850871,0.028004630798064645,0.028004630798064645,0.028004630798064645,0.6459762746850871,0.028004630798064645,0.028004630798064645,0.028004630798064645,0.028004630798064645,0.028004630798064645,0.028004630798064645,0.028004630798064645
0.46565383452670955,0.46565383452670955,0.46565383452670955,0.46565383452670955,0.46565383452670955,0.46565383452670955,0.46565383452670955,0.46565383452670955,0.46565383452670955,0.46565383452670955,0.46565383452670955,0.46565383452670955,0.46565383452670955
0.21222728072906427,0.21222728072906427,0.2965959374473251,0.2965959374473251,0.2965959374473251,0.3854932642571044,0.3854932642571044,0.3854932642571044,0.4211170029075403,0.4211170029075403,0.4211170029075403,0.4211170029075403,0.3803395400142767
0.06210553262572077,0.06210553262572077,0.42969998982561725,0.42969998982561725,0.5743070130283962,0.06210553262572077,0.06210553262572077,0.5209123619979287,0.47807045793755015,0.47807045793755015,0.47807045793755015,0.42969998982561725,0.42969998982561725
0.9424077907187938,0.9424077907187938,0.28302882042313915,0.23041649552016125,0.23041649552016125,0.35810103865131226,0.35810103865131226,0.3125248302984206,0.3249477922231826,0.23086082870589564,0.332298484883393,0.332298484883393,0.3681282712574606
0.7605498779964417,0.7605498779964417,0.6680744727550798,0.6680744727550798,0.6680744727550798,0.7605498779964417,0.7605498779964417,0.6680744727550798,0.6680744727550798,0.6680744727550798,0.6680744727550798,0.6680744727550798,0.6680744727550798
0.3301069075584131,0.1652695969635694,0.17213364163523562,0.17213364163523562,0.26669008232012636,0.1652695969635694,0.1652695969635694,0.1652695969635694,0.1652695969635694,0.1652695969635694,0.2338909584262226,0.18488417482570532,0.21166923161218068
0.6859520829454854,0.016062880478485832,0.021256971285207874,0.021256971285207874,0.01984738132327611,0.016062880478485832,0.016062880478485832,0.016062880478485832,0.022581640408725807,0.022581640408725807,0.022581640408725807,0.022581640408725807,0.021256971285207874
0.6725485796360449,0.17724285079250457,0.19588562360481174,0.19588562360481174,0.19588562360481174,0.17724285079250457,0.17724285079250457,0.17724285079250457,0.17724285079250457,0.23003885022216433,0.23003885022216433,0.23003885022216433,0.23003885022216433
0.47521320017170005,0.47521320017170005,0.2249042297682933,0.2249042297682933,0.3586345920708469,0.21232037318297023,0.2896353563073923,0.2896353563073923,0.2896353563073923,0.26120184912870076,0.3086934357317337,0.31660935214822655,0.31660935214822655
0.18856787942188064,0.18856787942188064,0.23003166153717164,0.23003166153717164,0.23003166153717164,0.18856787942188064,0.18856787942188064,0.18856787942188064,0.21669613428266815,0.21669613428266815,0.24110267697527474,0.218721876355383,0.23003166153717164
0.054592436728901794,0.054592436728901794,0.054592436728901794,0.054592436728901794,0.054592436728901794,0.054592436728901794,0.054592436728901794,0.054592436728901794,0.054592436728901794,0.054592436728901794,0.054592436728901794,0.054592436728901794,0.054592436728901794
0.9027733527050983,0.028079600045580373,0.014918686652077127,0.014918686652077127,0.014918686652077127,0.028079600045580373,0.021176221640741844,0.021176221640741844,0.021176221640741844,0.021176221640741844,0.021176221640741844,0.021176221640741844,0.025056268659004607
0.6490487966797542,0.10237751296808695,0.13210648250628237,0.10590468349344184,0.13745560879549473,0.10237751296808695,0.10237751296808695,0.10237751296808695,0.10325130083183202,0.1236812152836309,0.1236812152836309,0.13210648250628237,0.13210648250628237
0.11229267725741265,0.11229267725741265,0.21590624242967812,0.21590624242967812,0.21590624242967812,0.11229267725741265,0.11229267725741265,0.11229267725741265,0.11229267725741265,0.28821324977195195,0.28821324977195195,0.2685330229814353,0.31889401430100767
0.29688749861582253,0.018695662890954225,0.02453506963587739,0.02453506963587739,0.02453506963587739,0.018695662890954225,0.018695662890954225,0.02453506963587739,0.02453506963587739,0.02453506963587739,0.02453506963587739,0.02453506963587739,0.02453506963587739
0.5322070245677321,0.5322070245677321,0.38281542369605054,0.38281542369605054,0.38281542369605054,0.5435007163894177,0.5435007163894177,0.5057202609379544,0.5057202609379544,0.5057202609379544,0.5057202609379544,0.38281542369605054,0.38281542369605054
0.7936958509818857,0.7936958509818857,0.7936958509818857,0.7936958509818857,0.7936958509818857,0.7936958509818857,0.7936958509818857,0.7936958509818857,0.7936958509818857,0.7936958509818857,0.7936958509818857,0.7936958509818857,0.7936958509818857
0.3338936394429275,0.3338936394429275,0.37459574090198255,0.37459574090198255,0.37459574090198255,0.3338936394429275,0.47468830135172563,0.47468830135172563,0.47468830135172563,0.45006016717393116,0.45006016717393116,0.45006016717393116,0.4404422179888145
0.6799387947610613,0.6799387947610613,0.3431362865938906,0.3431362865938906,0.34514967588236767,0.6799387947610613,0.4097610711757931,0.35419101801395014,0.34370558926305445,0.2518758142641974,0.2518758142641974,0.2518758142641974,0.3431362865938906
0.37993530390996827,0.37993530390996827,0.29338829564461927,0.1983985042165092,0.1983985042165092,0.36507399407213215,0.37502352355934004,0.3129213690774363,0.27345535568569534,0.33023571276981856,0.2830595564578049,0.2830595564578049,0.29338829564461927
0.9036838938098062,0.9036838938098062,0.3937660112799938,0.39133865282015956,0.2608928409876712,0.10114321571356169,0.2705087478009341,0.2705087478009341,0.2705087478009341,0.2705087478009341,0.2705087478009341,0.3955804774759579,0.3937660112799938
0.6101522188965175,0.6101522188965175,0.8941853041593707,0.3946088630387262,0.3946088630387262,0.8941853041593707,0.8941853041593707,0.8941853041593707,0.8941853041593707,0.8941853041593707,0.8941853041593707,0.8941853041593707,0.8941853041593707
0.9368891015367964,0.9368891015367964,0.05173204922070634,0.029155518591075045,0.029155518591075045,0.9368891015367964,0.05256573967710254,0.05256573967710254,0.05256573967710254,0.05256573967710254,0.05173204922070634,0.05173204922070634,0.05173204922070634
0.6363016686286083,0.6363016686286083,0.19193888420545943,0.19193888420545943,0.21022181177392815,0.6363016686286083,0.2983193445461808,0.2983193445461808,0.2983193445461808,0.2930734703385019,0.2930734703385019,0.26893865075586987,0.2819173068805783
0.19289403155160834,0.19289403155160834,0.08233953709447527,0.08233953709447527,0.08233953709447527,0.19289403155160834,0.1105350525065767,0.1105350525065767,0.11053552530485757,0.11053552530485757,0.1363343158060178,0.1363343158060178,0.1363343158060178
0.3034604446809931,0.3034604446809931,0.3108111681102164,0.30017573539046977,0.30017573539046977,0.4335950005415946,0.4779639163389367,0.4779639163389367,0.4779639163389367,0.41635834889167284,0.42709797642803266,0.42709797642803266,0.38504661737235546
0.7028322989708105,0.7028322989708105,0.719813239166291,0.719813239166291,0.49942982105707123,0.3323957610500451,0.3323957610500451,0.719813239166291,0.719813239166291,0.719813239166291,0.719813239166291,0.719813239166291,0.719813239166291
0.07253911215323688,0.07253911215323688,0.05082219664751117,0.029051818870877454,0.034391888574598226,0.07253911215323688,0.037712826472956026,0.05082219664751117,0.05082219664751117,0.05082219664751117,0.05082219664751117,0.05082219664751117,0.05082219664751117
0.48692410381223755,0.2203424833320854,0.20373693402209572,0.19202377402555273,0.19202377402555273,0.2203424833320854,0.2203424833320854,0.32659146324538263,0.26251975712411996,0.2650904959490522,0.2650904959490522,0.2650904959490522,0.2650904959490522
0.2820667429241097,0.3334322363394424,0.3390005711279169,0.3390005711279169,0.3390005711279169,0.42222140823637594,0.42222140823637594,0.42222140823637594,0.3215895960794047,0.3215895960794047,0.29400404519144324,0.2515099367722678,0.2515099367722678
0.6179065363544592,0.6179065363544592,0.22961119601146646,0.22961119601146646,0.22961119601146646,0.6179065363544592,0.24731203282267647,0.24731203282267647,0.2949597260599544,0.2949597260599544,0.26954550922072573,0.2571080606776238,0.22961119601146646
0.03035210944717376,0.03035210944717376,0.27822707569133426,0.2609396329992857,0.2761007078382442,0.03035210944717376,0.03035210944717376,0.03035210944717376,0.03035210944717376,0.27734283034569795,0.3451686302152692,0.3160805133884283,0.27822707569133426
0.4072908889046336,0.4072908889046336,0.34971340384281585,0.34971340384281585,0.34971340384281585,0.4072908889046336,0.4072908889046336,0.4072908889046336,0.3747164123009466,0.3747164123009466,0.3747164123009466,0.4021124776915001,0.4063168720001683
0.5995796780111026,0.5995796780111026,0.45492365757443903,0.45492365757443903,0.4358618957903408,0.35128088047609607,0.35128088047609607,0.4929989562265874,0.43661239673535746,0.43661239673535746,0.49778383972737894,0.49778383972737894,0.45492365757443903
0.8825161306164415,0.8825161306164415,0.5143160878536996,0.5143160878536996,0.5143160878536996,0.8825161306164415,0.8825161306164415,0.8825161306164415,0.533193474118306,0.4723145449607066,0.4897524762242953,0.42738573285783843,0.5143160878536996
0.6979454130542635,0.08682957162473948,0.10341649321495834,0.1134931902560019,0.1134931902560019,0.08682957162473948,0.08682957162473948,0.08682957162473948,0.10341649321495834,0.10341649321495834,0.10341649321495834,0.10341649321495834,0.10341649321495834
0.042372776174274374,0.042372776174274374,0.4810116749701631,0.31489434353465706,0.4189467747175775,0.042372776174274374,0.042372776174274374,0.042372776174274374,0.042372776174274374,0.4810116749701631,0.4810116749701631,0.4810116749701631,0.4810116749701631
0.46183325411346393,0.46183325411346393,0.13016842515162702,0.13016842515162702,0.13016842515162702,0.12020499591119406,0.12020499591119406,0.12020499591119406,0.09990778241556986,0.09990778241556986,0.14566362064027608,0.13016842515162702,0.13016842515162702
0.14535344843415626,0.33633602458767453,0.28487514042567647,0.28487514042567647,0.28487514042567647,0.33633602458767453,0.36235885410183455,0.39382424823283185,0.39382424823283185,0.28487514042567647,0.28487514042567647,0.28487514042567647,0.28487514042567647
0.42261209199846805,0.08695853361866057,0.13980906621620226,0.13980906621620226,0.167972938005571,0.08695853361866057,0.08695853361866057,0.08695853361866057,0.08695853361866057,0.08695853361866057,0.08695853361866057,0.08695853361866057,0.12747130689751912
0.5184937543098517,0.39904728700328157,0.39123608864090914,0.39123608864090914,0.39123608864090914,0.39904728700328157,0.39904728700328157,0.39904728700328157,0.39904728700328157,0.39904728700328157,0.5261574735567932,0.5261574735567932,0.5261574735567932
0.27065214074417887,0.27065214074417887,0.27065214074417887,0.27065214074417887,0.27065214074417887,0.27065214074417887,0.27065214074417887,0.27065214074417887,0.27065214074417887,0.27065214074417887,0.27065214074417887,0.27065214074417887,0.27065214074417887
0.06650428180164014,0.06650428180164014,0.005895475346178007,0.005895475346178007,0.005895475346178007,0.06650428180164014,0.005895475346178007,0.005895475346178007,0.005895475346178007,0.005895475346178007,0.005895475346178007,0.005895475346178007,0.005895475346178007
0.6699964703641546,0.6354450133613517,0.41256392443233475,0.41256392443233475,0.41256392443233475,0.6354450133613517,0.6354450133613517,0.6354450133613517,0.42324501392437225,0.42324501392437225,0.5119839203703676,0.5119839203703676,0.5119839203703676
0.03107859299749971,0.03107859299749971,0.09213029937462784,0.09213029937462784,0.09213029937462784,0.03107859299749971,0.03107859299749971,0.03107859299749971,0.03107859299749971,0.03107859299749971,0.03107859299749971,0.03107859299749971,0.03107859299749971
0.8695203177761618,0.24288221062638166,0.3086869943067436,0.3086869943067436,0.3086869943067436,0.24288221062638166,0.24288221062638166,0.24288221062638166,0.4232007575763181,0.4232007575763181,0.4232007575763181,0.4102712061115033,0.4102712061115033
0.99587029002937,0.20521952778642077,0.22268743564178275,0.22268743564178275,0.22268743564178275,0.23203076272021878,0.23203076272021878,0.5187146099147832,0.4247970349982507,0.29096480114870377,0.3065311053789262,0.32343345164573056,0.32343345164573056
0.22663648481716836,0.11081494153605083,0.14723926960952552,0.14723926960952552,0.1512317291891323,0.11081494153605083,0.170318172028193,0.17038520059009551,0.17887741479824237,0.17610449696336297,0.17887936595232312,0.15025907714128403,0.15025907714128403
0.5376677818069778,0.5376677818069778,0.3572300154903858,0.3572300154903858,0.3572300154903858,0.46112386982802606,0.45040025966452474,0.45040025966452474,0.45040025966452474,0.4003428405935796,0.4003428405935796,0.4003428405935796,0.4003428405935796
0.5137710302315658,0.11010090359088946,0.14167486672795365,0.14167486672795365,0.14167486672795365,0.11010090359088946,0.11010090359088946,0.11010090359088946,0.11010090359088946,0.18780594898860525,0.18780594898860525,0.14167486672795365,0.14167486672795365
0.31071540419400523,0.31071540419400523,0.10932294682749519,0.10932294682749519,0.14017773677582507,0.31071540419400523,0.31071540419400523,0.15306058178816034,0.1235815670424404,0.1227588920224384,0.1227588920224384,0.10932294682749519,0.10932294682749519
0.6280615246563545,0.3644232728681503,0.5478712722006366,0.5478712722006366,0.5767071488398584,0.3644232728681503,0.3644232728681503,0.3644232728681503,0.5478712722006366,0.5478712722006366,0.5478712722006366,0.5478712722006366,0.5478712722006366
0.04838120100711696,0.04838120100711696,0.04838120100711696,0.44997760865941167,0.44997760865941167,0.04838120100711696,0.04838120100711696,0.04838120100711696,0.04838120100711696,0.04838120100711696,0.04838120100711696,0.04838120100711696,0.04838120100711696
0.08252193584731504,0.08252193584731504,0.26588445760176604,0.2805906012141444,0.363107066299966,0.08252193584731504,0.3785974603292151,0.36582708628351607,0.36582708628351607,0.3218406859811994,0.3218406859811994,0.284127604711727,0.3834947570135208
0.9865072304007976,0.9865072304007976,0.43182103259609145,0.3295747893723534,0.3295747893723534,0.9865072304007976,0.9865072304007976,0.4941510769607631,0.4941510769607631,0.37415834999529746,0.37415834999529746,0.4351645391031807,0.43182103259609145
0.29588222185209995,0.29588222185209995,0.46455672888003957,0.46455672888003957,0.5332233909319891,0.29588222185209995,0.5394957403373584,0.5394957403373584,0.5110219416602434,0.5110219416602434,0.5110219416602434,0.45304709138168414,0.6049206121386809
0.10213778084108682,0.10213778084108682,0.10213778084108682,0.10213778084108682,0.10213778084108682,0.10213778084108682,0.10213778084108682,0.10213778084108682,0.10213778084108682,0.10213778084108682,0.10213778084108682,0.10213778084108682,0.10213778084108682
0.7016971544955802,0.2754855056197554,0.2344996374329717,0.20194850563057093,0.20194850563057093,0.2754855056197554,0.3345596966056939,0.3345596966056939,0.2769626156019091,0.2769626156019091,0.3214680164060392,0.3214680164060392,0.32601132195472166
0.2747439488173424,0.2747439488173424,0.2655143603879213,0.2655143603879213,0.359974180283164,0.2747439488173424,0.2747439488173424,0.2747439488173424,0.3199378119771444,0.32706024198806016,0.32706024198806016,0.38338452895234165,0.38338452895234165
0.968069226420147,0.09242089103480021,0.14750143657800793,0.10669712226357196,0.10669712226357196,0.09242089103480021,0.09242089103480021,0.09242089103480021,0.09242089103480021,0.09242089103480021,0.14750143657800793,0.14750143657800793,0.14750143657800793
0.8002139277085256,0.15179447763350576,0.1850577847033858,0.20222479300219895,0.20222479300219895,0.15179447763350576,0.15179447763350576,0.2680647660303837,0.18925570739381656,0.20900164696797008,0.20900164696797008,0.1850577847033858,0.1850577847033858
0.32695505756520304,0.32695505756520304,0.1947452754752336,0.14954972368607214,0.14954972368607214,0.32695505756520304,0.2488209062810977,0.22169446163689052,0.2138891197137363,0.2138891197137363,0.2003468672840258,0.17550944914236163,0.1947452754752336
0.40300652878995313,0.40300652878995313,0.38861320774791325,0.34390473299182345,0.34390473299182345,0.40300652878995313,0.40300652878995313,0.40300652878995313,0.45849554585592517,0.45849554585592517,0.4407656758733915,0.4999159005947561,0.4999159005947561
0.900293083456202,0.900293083456202,0.34951705911043074,0.23592450733697898,0.23592450733697898,0.900293083456202,0.40988965709204583,0.36851997355463206,0.36851997355463206,0.4070636729170509,0.32463361451806905,0.32463361451806905,0.34951705911043074
0.1711387442889214,0.1711387442889214,0.17655598768020328,0.13650794387847462,0.20398376734224916,0.14544679517295492,0.2160937634776533,0.1948126850262632,0.1948126850262632,0.1948126850262632,0.21424381048292684,0.15887238920602514,0.17655598768020328
0.70531796270207,0.11026957437737764,0.15419719642825375,0.10487513716293609,0.10487513716293609,0.11026957437737764,0.11026957437737764,0.1336128775820519,0.13607117039883307,0.13607117039883307,0.13027337843031128,0.1438179541563908,0.15419719642825375
0.1353758909733454,0.1353758909733454,0.3494566514394326,0.3494566514394326,0.5016794299551902,0.1353758909733454,0.1353758909733454,0.49470853477302373,0.49470853477302373,0.49470853477302373,0.4543739420420042,0.3454206131262972,0.3454206131262972
0.8415584122695481,0.4511926235816644,0.6396162719389321,0.6396162719389321,0.6396162719389321,0.4511926235816644,0.4910648725780447,0.6396162719389321,0.6396162719389321,0.6396162719389321,0.6396162719389321,0.6396162719389321,0.6396162719389321
0.23161762444292944,0.23161762444292944,0.07239433130703007,0.07239433130703007,0.07239433130703007,0.23161762444292944,0.23161762444292944,0.091484409897238,0.08343829720617923,0.07239433130703007,0.07239433130703007,0.07239433130703007,0.07239433130703007
0.9744917245450295,0.4433116837127161,0.3306390781284158,0.21601268470180177,0.21601268470180177,0.4433116837127161,0.4433116837127161,0.3253956381944015,0.3253956381944015,0.3253956381944015,0.3162618646692316,0.2522885298816441,0.3306390781284158
0.6316192900310871,0.6316192900310871,0.2187805393290751,0.2187805393290751,0.2187805393290751,0.21506285614841805,0.21352118288921865,0.21352118288921865,0.2187805393290751,0.2187805393290751,0.2187805393290751,0.2187805393290751,0.2187805393290751
0.5925249163101474,0.2228922150161517,0.45637485084619295,0.29182581567254856,0.5111373529794567,0.2228922150161517,0.2228922150161517,0.3988074958280277,0.3988074958280277,0.3988074958280277,0.4155902368157715,0.4155902368157715,0.45637485084619295
0.2554272059979238,0.2554272059979238,0.13912097612557245,0.13912097612557245,0.13912097612557245,0.1365550771772774,0.16243960937319166,0.16243960937319166,0.16243960937319166,0.16243960937319166,0.17227441725745862,0.12486799685787153,0.12486799685787153
0.014730509135131298,0.014730509135131298,0.30907612855360805,0.30907612855360805,0.30907612855360805,0.014730509135131298,0.3899309320614225,0.3899309320614225,0.3370763003666534,0.3370763003666534,0.3370763003666534,0.3180685128847363,0.3180685128847363
0.47682796618114787,0.47682796618114787,0.06798360970611321,0.06798360970611321,0.06798360970611321,0.47682796618114787,0.47682796618114787,0.47682796618114787,0.06798360970611321,0.06798360970611321,0.06798360970611321,0.06798360970611321,0.06798360970611321
0.4299637220327317,0.29266072870300697,0.2608724948909058,0.2608724948909058,0.2608724948909058,0.29266072870300697,0.41206000159567907,0.41206000159567907,0.41206000159567907,0.3659640488830363,0.3659640488830363,0.3718562826575583,0.3644164164989938
0.2367926273735828,0.2367926273735828,0.3046872962172993,0.3046872962172993,0.3046872962172993,0.2367926273735828,0.35672839010411034,0.37156506627749536,0.29798383995434585,0.29798383995434585,0.3274691442092226,0.3046872962172993,0.3046872962172993
0.10985237761437494,0.10985237761437494,0.40639081941424765,0.40639081941424765,0.49478110178618046,0.10985237761437494,0.10985237761437494,0.10985237761437494,0.10985237761437494,0.10985237761437494,0.5660800204593956,0.5660800204593956,0.536931316595086
0.17573634625721124,0.17573634625721124,0.0,0.0,0.0,0.17573634625721124,0.0,0.0,0.0,0.0,0.0,0.0,0.0
0.549163216084608,0.549163216084608,0.3490206889789886,0.3430667689517195,0.3430667689517195,0.549163216084608,0.11027271390582005,0.11027271390582005,0.11027271390582005,0.2755409410085148,0.3490206889789886,0.3490206889789886,0.3490206889789886
0.3519446495691593,0.17920236332516004,0.22061614635047136,0.18018030903155519,0.18018030903155519,0.22246277963380154,0.22246277963380154,0.22246277963380154,0.2542993533245571,0.21843694403446987,0.21843694403446987,0.22231932163401516,0.22061614635047136
0.6886310718976685,0.6886310718976685,0.6886310718976685,0.6886310718976685,0.6886310718976685,0.6886310718976685,0.6886310718976685,0.6886310718976685,0.6886310718976685,0.6886310718976685,0.6886310718976685,0.6886310718976685,0.6886310718976685
0.5416149231863835,0.14018627649191148,0.1746070781394992,0.1746070781394992,0.1746070781394992,0.14018627649191148,0.14018627649191148,0.14018627649191148,0.14018627649191148,0.14018627649191148,0.14018627649191148,0.2652266558814312,0.2652266558814312
0.9235531611999465,0.18463728906010357,0.30472203833207323,0.32014486850580026,0.32014486850580026,0.18463728906010357,0.18463728906010357,0.3855633988527797,0.3855633988527797,0.391306748822643,0.4362846395699868,0.4362846395699868,0.4136297777192632
0.6666317525916856,0.6666317525916856,0.11250500510943545,0.10867166183804772,0.10867166183804772,0.6666317525916856,0.6666317525916856,0.14095370233549154,0.14095370233549154,0.14095370233549154,0.14095370233549154,0.14095370233549154,0.14095370233549154
0.2656581584187042,0.2656581584187042,0.4703952011502847,0.4703952011502847,0.4703952011502847,0.2656581584187042,0.2656581584187042,0.2656581584187042,0.2656581584187042,0.4703952011502847,0.4703952011502847,0.4703952011502847,0.4703952011502847
0.3861851453943469,0.3861851453943469,0.233044822263417,0.233044822263417,0.24057829264201602,0.3861851453943469,0.13387531947728104,0.16088973298936451,0.16088973298936451,0.16088973298936451,0.16088973298936451,0.16088973298936451,0.233044822263417
0.3995583082350714,0.3995583082350714,0.29153687895662556,0.29153687895662556,0.30899569114739794,0.3995583082350714,0.2796669528654497,0.2796669528654497,0.4508064272280072,0.4508064272280072,0.36499373691396486,0.36499373691396486,0.40054436341700406
0.7286357462941011,0.10180299113086654,0.14203969196860855,0.10839053419355582,0.10839053419355582,0.10180299113086654,0.10180299113086654,0.10180299113086654,0.1416556799919211,0.1416556799919211,0.14759701574874878,0.14759701574874878,0.14203969196860855
0.9028472813884334,0.9028472813884334,0.06475156537700218,0.06475156537700218,0.06475156537700218,0.9028472813884334,0.0825266411605763,0.0825266411605763,0.0825266411605763,0.0733452782371739,0.0733452782371739,0.0733452782371739,0.0733452782371739
0.16107031951828188,0.09451246527874681,0.20880304732067367,0.2146037027619208,0.2146037027619208,0.09451246527874681,0.09451246527874681,0.34153868469477505,0.25820631761223073,0.25820631761223073,0.25820631761223073,0.22851474483110223,0.2742147483966825
0.7416575747208933,0.7416575747208933,0.17907050759119464,0.20235564898871664,0.20235564898871664,0.2680390865303567,0.2519364545268343,0.26070568728678734,0.2841857646049349,0.2841857646049349,0.2841857646049349,0.20408191047911522,0.23270992618788752
0.4091703961953475,0.4091703961953475,0.22504746037683165,0.2605964189424182,0.3351404299902595,0.4091703961953475,0.38131717459120384,0.2807066004624094,0.2807066004624094,0.2566073866119203,0.2566073866119203,0.2566073866119203,0.3378992997402344
0.4752796701336956,0.4752796701336956,0.2583452068795489,0.2583452068795489,0.191031770157602,0.2678572346137783,0.2678572346137783,0.24784805679232705,0.22930514804761298,0.22930514804761298,0.23892389057259222,0.23892389057259222,0.2583452068795489
0.5451825619864844,0.5451825619864844,0.05903403290439947,0.05903403290439947,0.06978110490637825,0.06223220514764899,0.06223220514764899,0.06223220514764899,0.06223220514764899,0.06223220514764899,0.06223220514764899,0.05903403290439947,0.05903403290439947
0.9321948577388444,0.051047792360197124,0.04377456705668437,0.04377456705668437,0.04377456705668437,0.051047792360197124,0.051047792360197124,0.051047792360197124,0.06103650076407452,0.06103650076407452,0.06103650076407452,0.06103650076407452,0.06103650076407452
0.26993279029322176,0.26993279029322176,0.3305600435891847,0.3305600435891847,0.3305600435891847,0.26993279029322176,0.4174605731850007,0.4174605731850007,0.3152117010306219,0.3152117010306219,0.3152117010306219,0.3369497823353489,0.36122677869025577
0.7089541364868654,0.7089541364868654,0.7089541364868654,0.7089541364868654,0.7089541364868654,0.7089541364868654,0.7089541364868654,0.7089541364868654,0.7089541364868654,0.7089541364868654,0.7089541364868654,0.7089541364868654,0.7089541364868654
0.8455660734519406,0.11737932522846055,0.14008534539121034,0.16474639461518417,0.16474639461518417,0.11737932522846055,0.11737932522846055,0.11737932522846055,0.1829204411158963,0.2191397304591579,0.2191397304591579,0.16822587877312706,0.16822587877312706
0.4293456807124216,0.4059808244026743,0.8009379755675752,0.533427154773813,0.7999410729520073,0.4059808244026743,0.4059808244026743,0.4059808244026743,0.4059808244026743,0.4059808244026743,0.4059808244026743,0.4059808244026743,0.4059808244026743
0.713467446883149,0.713467446883149,0.41511514413329975,0.3243127314359575,0.41551694599922606,0.29205216809837503,0.29205216809837503,0.40678322193966426,0.40678322193966426,0.40678322193966426,0.3935416715440314,0.3163233036335511,0.41511514413329975
0.6771742521222264,0.6771742521222264,0.4160462752595727,0.4160462752595727,0.4160462752595727,0.6771742521222264,0.3528388093030709,0.3086967636012357,0.4714211900456209,0.321840658677351,0.321840658677351,0.321840658677351,0.4160462752595727
0.11165806764486075,0.11165806764486075,0.15710519686557467,0.15710519686557467,0.15710519686557467,0.11165806764486075,0.11165806764486075,0.21354682667926225,0.21354682667926225,0.21354682667926225,0.21354682667926225,0.16509759856266112,0.16509759856266112
0.0393910150024398,0.0393910150024398,0.263939495497383,0.2715113027760534,0.2715113027760534,0.0393910150024398,0.0393910150024398,0.0393910150024398,0.2715039785481219,0.2889024555553828,0.2889024555553828,0.263939495497383,0.263939495497383
0.7878944279570492,0.11404082077228464,0.061796550350392984,0.061796550350392984,0.061796550350392984,0.11404082077228464,0.11404082077228464,0.07340621806486669,0.07340621806486669,0.07340621806486669,0.07340621806486669,0.07340621806486669,0.061796550350392984
0.3582976178213248,0.3582976178213248,0.5462852058066704,0.5462852058066704,0.5462852058066704,0.3582976178213248,0.5267522034057119,0.5449162172277675,0.4713968092535152,0.47869819024069465,0.5370376868254851,0.4094291041752264,0.5462852058066704
0.9844362690071652,0.24685640828879143,0.24119342842325414,0.2755519144420001,0.4064221515456848,0.24685640828879143,0.3849531561904718,0.33710655265499617,0.3447484140428527,0.3447484140428527,0.33449599843012223,0.36872899451846547,0.30701502559449373
0.7167296834845701,0.7167296834845701,-0.010373462398143851,-0.010373462398143851,-0.010373462398143851,0.7167296834845701,0.7167296834845701,0.7167296834845701,0.7167296834845701,0.7167296834845701,0.7167296834845701,-0.010373462398143851,-0.010373462398143851
0.9301689928957897,0.17097757308799227,0.12676983511034157,0.12676983511034157,0.12676983511034157,0.15117291479348188,0.15117291479348188,0.15117291479348188,0.15117291479348188,0.17667787662732468,0.17667787662732468,0.12255482379214143,0.12255482379214143
0.6692551758999203,0.6692551758999203,0.3360095785933019,0.2007399580436677,0.32366962984984493,0.6692551758999203,0.6692551758999203,0.30043827585522914,0.30043827585522914,0.30043827585522914,0.30462021749661233,0.21536360229381551,0.3360095785933019
0.11735845387887567,0.11735845387887567,0.38201800365425886,0.38201800365425886,0.5604953350178364,0.11735845387887567,0.11735845387887567,0.11735845387887567,0.11735845387887567,0.11735845387887567,0.6348268191909385,0.6348268191909385,0.6348268191909385
0.34387865560865194,0.34387865560865194,0.34387865560865194,0.34387865560865194,0.34387865560865194,0.34387865560865194,0.34387865560865194,0.34387865560865194,0.34387865560865194,0.34387865560865194,0.34387865560865194,0.34387865560865194,0.34387865560865194
0.36877797383587757,0.09591053610690396,0.09591053610690396,0.09591053610690396,0.09591053610690396,0.09591053610690396,0.09591053610690396,0.09591053610690396,0.09591053610690396,0.09591053610690396,0.09591053610690396,0.09591053610690396,0.09591053610690396
0.30121416564184,0.30121416564184,0.4393282835821726,0.29501377906663456,0.4283907429951572,0.30121416564184,0.30121416564184,0.30121416564184,0.30121416564184,0.400336727183958,0.400336727183958,0.400336727183958,0.4393282835821726
0.6343573705036472,0.6343573705036472,0.23534984960815028,0.2685751673350188,0.2685751673350188,0.24197940131887524,0.4344146849826633,0.4344146849826633,0.3146053323655243,0.295704456300786,0.4035943137582368,0.2971689010088772,0.334484700309456
0.5335623603648189,0.5335623603648189,0.13034999406629533,0.13034999406629533,0.13034999406629533,0.5335623603648189,0.5335623603648189,0.14977923067923316,0.14977923067923316,0.17789665940229024,0.17789665940229024,0.19468533982598615,0.19468533982598615
0.5485080705133307,0.5485080705133307,0.3997732974604297,0.3997732974604297,0.3997732974604297,0.33584040797921505,0.33584040797921505,0.3406236681417503,0.40526627313002095,0.3857317642339802,0.3857317642339802,0.38022709276397093,0.3997732974604297
0.9370948117654377,0.9370948117654377,0.3237517117021612,0.33020530209926263,0.38792147345837064,0.9370948117654377,0.9370948117654377,0.9370948117654377,0.28577901679564544,0.28577901679564544,0.28577901679564544,0.39501325360114914,0.39501325360114914
0.38767020903663163,0.38767020903663163,0.27953699083422107,0.18258720687127164,0.18258720687127164,0.38767020903663163,0.38767020903663163,0.2783183100560613,0.2783183100560613,0.2783183100560613,0.24586074355675178,0.21735789125909805,0.27953699083422107
0.8570487031850345,0.8570487031850345,0.2861557757716262,0.2861557757716262,0.3934932478083257,0.8570487031850345,0.8570487031850345,0.39814715160008457,0.24850632069203693,0.24850632069203693,0.24850632069203693,0.24850632069203693,0.24850632069203693
0.7805809079970103,0.7805809079970103,0.3636612808885075,0.3636612808885075,0.41946872277301817,0.7805809079970103,0.47896558418210566,0.47896558418210566,0.47896558418210566,0.47896558418210566,0.5311201743882663,0.5311201743882663,0.5311201743882663
0.837834756420442,0.06622229852954124,0.09292655475607586,0.06273060464106431,0.09091355958719148,0.06622229852954124,0.06622229852954124,0.06622229852954124,0.08917696648530196,0.08917696648530196,0.09292655475607586,0.09292655475607586,0.09292655475607586
0.540821395386355,0.540821395386355,0.07415600995961334,0.07415600995961334,0.07415600995961334,0.540821395386355,0.540821395386355,0.10507076004198791,0.10507076004198791,0.10507076004198791,0.10507076004198791,0.10507076004198791,0.10507076004198791
0.33113309697596105,0.33113309697596105,0.31778829184813157,0.31778829184813157,0.36716949235338625,0.3006045332168045,0.3006045332168045,0.3006045332168045,0.3111487584019407,0.3111487584019407,0.3111487584019407,0.3111487584019407,0.31778829184813157
0.74692007235679,0.1536807067911911,0.24015870665420597,0.217373771761916,0.26373671479827193,0.1536807067911911,0.3195921430631132,0.3159231599912719,0.21401274920743063,0.2602861238854233,0.29553877874121337,0.24015870665420597,0.24015870665420597
0.9072219876644936,0.9072219876644936,0.2714037205017138,0.19043331481904577,0.19043331481904577,0.9072219876644936,0.9072219876644936,0.30484505113922294,0.30484505113922294,0.23440858373382817,0.30195531977876744,0.2829923258828446,0.2714037205017138
0.45432401245128695,0.29106622805499716,0.46787419878327824,0.33110276775449066,0.33110276775449066,0.29106622805499716,0.29106622805499716,0.29106622805499716,0.29106622805499716,0.46787419878327824,0.46787419878327824,0.46787419878327824,0.46787419878327824
