nullhealth0,health1,health2,health3,health4,health5,health6,health7,health8,health9,health10,health11,health12,health13
0.8146215833981901,0.8146215833981901,0.8146215833981901,0.8146215833981901,0.8146215833981901,0.8146215833981901,0.8146215833981901,0.8146215833981901,0.8146215833981901,0.8146215833981901,0.8146215833981901,0.8146215833981901,0.8146215833981901,0.8146215833981901
0.48864016690441314,0.48864016690441314,0.48864016690441314,0.48864016690441314,0.48864016690441314,0.48864016690441314,0.48864016690441314,0.48864016690441314,0.48864016690441314,0.48864016690441314,0.48864016690441314,0.48864016690441314,0.48864016690441314,0.48864016690441314
0.7244316389173926,0.7244316389173926,0.7244316389173926,0.7244316389173926,0.7244316389173926,0.7244316389173926,0.7244316389173926,0.7244316389173926,0.7244316389173926,0.7244316389173926,0.7244316389173926,0.7244316389173926,0.7244316389173926,0.7244316389173926
0.721699649801454,0.721699649801454,0.721699649801454,0.721699649801454,0.721699649801454,0.721699649801454,0.721699649801454,0.721699649801454,0.721699649801454,0.721699649801454,0.721699649801454,0.721699649801454,0.721699649801454,0.721699649801454
0.5377870572728664,0.5377870572728664,0.5377870572728664,0.5377870572728664,0.5377870572728664,0.5377870572728664,0.5377870572728664,0.5377870572728664,0.5377870572728664,0.5377870572728664,0.5377870572728664,0.5377870572728664,0.5377870572728664,0.5377870572728664
0.47223665009862437,0.47223665009862437,0.47223665009862437,0.47223665009862437,0.47223665009862437,0.47223665009862437,0.47223665009862437,0.47223665009862437,0.47223665009862437,0.47223665009862437,0.47223665009862437,0.47223665009862437,0.47223665009862437,0.47223665009862437
0.5283067276392682,0.5283067276392682,0.5283067276392682,0.5283067276392682,0.5283067276392682,0.5283067276392682,0.5283067276392682,0.5283067276392682,0.5283067276392682,0.5283067276392682,0.5283067276392682,0.5283067276392682,0.5283067276392682,0.5283067276392682
0.4241575732486974,0.4241575732486974,0.4241575732486974,0.4241575732486974,0.4241575732486974,0.4241575732486974,0.4241575732486974,0.4241575732486974,0.4241575732486974,0.4241575732486974,0.4241575732486974,0.4241575732486974,0.4241575732486974,0.4241575732486974
0.5349961002217618,0.5349961002217618,0.5349961002217618,0.5349961002217618,0.5349961002217618,0.5349961002217618,0.5349961002217618,0.5349961002217618,0.5349961002217618,0.5349961002217618,0.5349961002217618,0.5349961002217618,0.5349961002217618,0.5349961002217618
0.8409393764720359,0.8409393764720359,0.8409393764720359,0.8409393764720359,0.8409393764720359,0.8409393764720359,0.8409393764720359,0.8409393764720359,0.8409393764720359,0.8409393764720359,0.8409393764720359,0.8409393764720359,0.8409393764720359,0.8409393764720359
0.4135265546126443,0.4135265546126443,0.4135265546126443,0.4135265546126443,0.4135265546126443,0.4135265546126443,0.4135265546126443,0.4135265546126443,0.4135265546126443,0.4135265546126443,0.4135265546126443,0.4135265546126443,0.4135265546126443,0.4135265546126443
0.49300189708312925,0.49300189708312925,0.49300189708312925,0.49300189708312925,0.49300189708312925,0.49300189708312925,0.49300189708312925,0.49300189708312925,0.49300189708312925,0.49300189708312925,0.49300189708312925,0.49300189708312925,0.49300189708312925,0.49300189708312925
0.5213809116439999,0.5213809116439999,0.5213809116439999,0.5213809116439999,0.5213809116439999,0.5213809116439999,0.5213809116439999,0.5213809116439999,0.5213809116439999,0.5213809116439999,0.5213809116439999,0.5213809116439999,0.5213809116439999,0.5213809116439999
0.7025996719271497,0.7025996719271497,0.7025996719271497,0.7025996719271497,0.7025996719271497,0.7025996719271497,0.7025996719271497,0.7025996719271497,0.7025996719271497,0.7025996719271497,0.7025996719271497,0.7025996719271497,0.7025996719271497,0.7025996719271497
0.5293195412084423,0.5293195412084423,0.5293195412084423,0.5293195412084423,0.5293195412084423,0.5293195412084423,0.5293195412084423,0.5293195412084423,0.5293195412084423,0.5293195412084423,0.5293195412084423,0.5293195412084423,0.5293195412084423,0.5293195412084423
0.9258070133764963,0.9258070133764963,0.9258070133764963,0.9258070133764963,0.9258070133764963,0.9258070133764963,0.9258070133764963,0.9258070133764963,0.9258070133764963,0.9258070133764963,0.9258070133764963,0.9258070133764963,0.9258070133764963,0.9258070133764963
0.6786836285600912,0.6786836285600912,0.6786836285600912,0.6786836285600912,0.6786836285600912,0.6786836285600912,0.6786836285600912,0.6786836285600912,0.6786836285600912,0.6786836285600912,0.6786836285600912,0.6786836285600912,0.6786836285600912,0.6786836285600912
0.6132212873340623,0.6132212873340623,0.6132212873340623,0.6132212873340623,0.6132212873340623,0.6132212873340623,0.6132212873340623,0.6132212873340623,0.6132212873340623,0.6132212873340623,0.6132212873340623,0.6132212873340623,0.6132212873340623,0.6132212873340623
0.374297286378818,0.374297286378818,0.374297286378818,0.374297286378818,0.374297286378818,0.374297286378818,0.374297286378818,0.374297286378818,0.374297286378818,0.374297286378818,0.374297286378818,0.374297286378818,0.374297286378818,0.374297286378818
0.8029668178393167,0.8029668178393167,0.8029668178393167,0.8029668178393167,0.8029668178393167,0.8029668178393167,0.8029668178393167,0.8029668178393167,0.8029668178393167,0.8029668178393167,0.8029668178393167,0.8029668178393167,0.8029668178393167,0.8029668178393167
0.7018407234895997,0.7018407234895997,0.7018407234895997,0.7018407234895997,0.7018407234895997,0.7018407234895997,0.7018407234895997,0.7018407234895997,0.7018407234895997,0.7018407234895997,0.7018407234895997,0.7018407234895997,0.7018407234895997,0.7018407234895997
0.8738530175774449,0.8738530175774449,0.8738530175774449,0.8738530175774449,0.8738530175774449,0.8738530175774449,0.8738530175774449,0.8738530175774449,0.8738530175774449,0.8738530175774449,0.8738530175774449,0.8738530175774449,0.8738530175774449,0.8738530175774449
0.6742524757475414,0.6742524757475414,0.6742524757475414,0.6742524757475414,0.6742524757475414,0.6742524757475414,0.6742524757475414,0.6742524757475414,0.6742524757475414,0.6742524757475414,0.6742524757475414,0.6742524757475414,0.6742524757475414,0.6742524757475414
0.6342824199635788,0.6342824199635788,0.6342824199635788,0.6342824199635788,0.6342824199635788,0.6342824199635788,0.6342824199635788,0.6342824199635788,0.6342824199635788,0.6342824199635788,0.6342824199635788,0.6342824199635788,0.6342824199635788,0.6342824199635788
0.5203392354450361,0.5203392354450361,0.5203392354450361,0.5203392354450361,0.5203392354450361,0.5203392354450361,0.5203392354450361,0.5203392354450361,0.5203392354450361,0.5203392354450361,0.5203392354450361,0.5203392354450361,0.5203392354450361,0.5203392354450361
0.505129216220902,0.505129216220902,0.505129216220902,0.505129216220902,0.505129216220902,0.505129216220902,0.505129216220902,0.505129216220902,0.505129216220902,0.505129216220902,0.505129216220902,0.505129216220902,0.505129216220902,0.505129216220902
0.46418213543835457,0.46418213543835457,0.46418213543835457,0.46418213543835457,0.46418213543835457,0.46418213543835457,0.46418213543835457,0.46418213543835457,0.46418213543835457,0.46418213543835457,0.46418213543835457,0.46418213543835457,0.46418213543835457,0.46418213543835457
0.623876201529064,0.623876201529064,0.623876201529064,0.623876201529064,0.623876201529064,0.623876201529064,0.623876201529064,0.623876201529064,0.623876201529064,0.623876201529064,0.623876201529064,0.623876201529064,0.623876201529064,0.623876201529064
0.4458424198727802,0.4458424198727802,0.4458424198727802,0.4458424198727802,0.4458424198727802,0.4458424198727802,0.4458424198727802,0.4458424198727802,0.4458424198727802,0.4458424198727802,0.4458424198727802,0.4458424198727802,0.4458424198727802,0.4458424198727802
0.723709242260152,0.723709242260152,0.723709242260152,0.723709242260152,0.723709242260152,0.723709242260152,0.723709242260152,0.723709242260152,0.723709242260152,0.723709242260152,0.723709242260152,0.723709242260152,0.723709242260152,0.723709242260152
0.8525352874435791,0.8525352874435791,0.8525352874435791,0.8525352874435791,0.8525352874435791,0.8525352874435791,0.8525352874435791,0.8525352874435791,0.8525352874435791,0.8525352874435791,0.8525352874435791,0.8525352874435791,0.8525352874435791,0.8525352874435791
0.5191609993565037,0.5191609993565037,0.5191609993565037,0.5191609993565037,0.5191609993565037,0.5191609993565037,0.5191609993565037,0.5191609993565037,0.5191609993565037,0.5191609993565037,0.5191609993565037,0.5191609993565037,0.5191609993565037,0.5191609993565037
0.7692648718134195,0.7692648718134195,0.7692648718134195,0.7692648718134195,0.7692648718134195,0.7692648718134195,0.7692648718134195,0.7692648718134195,0.7692648718134195,0.7692648718134195,0.7692648718134195,0.7692648718134195,0.7692648718134195,0.7692648718134195
0.9223659094169796,0.9223659094169796,0.9223659094169796,0.9223659094169796,0.9223659094169796,0.9223659094169796,0.9223659094169796,0.9223659094169796,0.9223659094169796,0.9223659094169796,0.9223659094169796,0.9223659094169796,0.9223659094169796,0.9223659094169796
0.7165426015780096,0.7165426015780096,0.7165426015780096,0.7165426015780096,0.7165426015780096,0.7165426015780096,0.7165426015780096,0.7165426015780096,0.7165426015780096,0.7165426015780096,0.7165426015780096,0.7165426015780096,0.7165426015780096,0.7165426015780096
0.8249425634361083,0.8249425634361083,0.8249425634361083,0.8249425634361083,0.8249425634361083,0.8249425634361083,0.8249425634361083,0.8249425634361083,0.8249425634361083,0.8249425634361083,0.8249425634361083,0.8249425634361083,0.8249425634361083,0.8249425634361083
0.4594259176986832,0.4594259176986832,0.4594259176986832,0.4594259176986832,0.4594259176986832,0.4594259176986832,0.4594259176986832,0.4594259176986832,0.4594259176986832,0.4594259176986832,0.4594259176986832,0.4594259176986832,0.4594259176986832,0.4594259176986832
0.6981486342816986,0.6981486342816986,0.6981486342816986,0.6981486342816986,0.6981486342816986,0.6981486342816986,0.6981486342816986,0.6981486342816986,0.6981486342816986,0.6981486342816986,0.6981486342816986,0.6981486342816986,0.6981486342816986,0.6981486342816986
0.44459219064266225,0.44459219064266225,0.44459219064266225,0.44459219064266225,0.44459219064266225,0.44459219064266225,0.44459219064266225,0.44459219064266225,0.44459219064266225,0.44459219064266225,0.44459219064266225,0.44459219064266225,0.44459219064266225,0.44459219064266225
0.30827678444789197,0.30827678444789197,0.30827678444789197,0.30827678444789197,0.30827678444789197,0.30827678444789197,0.30827678444789197,0.30827678444789197,0.30827678444789197,0.30827678444789197,0.30827678444789197,0.30827678444789197,0.30827678444789197,0.30827678444789197
0.6574135218747788,0.6574135218747788,0.6574135218747788,0.6574135218747788,0.6574135218747788,0.6574135218747788,0.6574135218747788,0.6574135218747788,0.6574135218747788,0.6574135218747788,0.6574135218747788,0.6574135218747788,0.6574135218747788,0.6574135218747788
0.5213284859822273,0.5213284859822273,0.5213284859822273,0.5213284859822273,0.5213284859822273,0.5213284859822273,0.5213284859822273,0.5213284859822273,0.5213284859822273,0.5213284859822273,0.5213284859822273,0.5213284859822273,0.5213284859822273,0.5213284859822273
0.5442873200328732,0.5442873200328732,0.5442873200328732,0.5442873200328732,0.5442873200328732,0.5442873200328732,0.5442873200328732,0.5442873200328732,0.5442873200328732,0.5442873200328732,0.5442873200328732,0.5442873200328732,0.5442873200328732,0.5442873200328732
0.734734520908271,0.734734520908271,0.734734520908271,0.734734520908271,0.734734520908271,0.734734520908271,0.734734520908271,0.734734520908271,0.734734520908271,0.734734520908271,0.734734520908271,0.734734520908271,0.734734520908271,0.734734520908271
0.5327877422415878,0.5327877422415878,0.5327877422415878,0.5327877422415878,0.5327877422415878,0.5327877422415878,0.5327877422415878,0.5327877422415878,0.5327877422415878,0.5327877422415878,0.5327877422415878,0.5327877422415878,0.5327877422415878,0.5327877422415878
0.8711209164705367,0.8711209164705367,0.8711209164705367,0.8711209164705367,0.8711209164705367,0.8711209164705367,0.8711209164705367,0.8711209164705367,0.8711209164705367,0.8711209164705367,0.8711209164705367,0.8711209164705367,0.8711209164705367,0.8711209164705367
0.7161195906376301,0.7161195906376301,0.7161195906376301,0.7161195906376301,0.7161195906376301,0.7161195906376301,0.7161195906376301,0.7161195906376301,0.7161195906376301,0.7161195906376301,0.7161195906376301,0.7161195906376301,0.7161195906376301,0.7161195906376301
0.48642391318692385,0.48642391318692385,0.48642391318692385,0.48642391318692385,0.48642391318692385,0.48642391318692385,0.48642391318692385,0.48642391318692385,0.48642391318692385,0.48642391318692385,0.48642391318692385,0.48642391318692385,0.48642391318692385,0.48642391318692385
0.592102991401144,0.592102991401144,0.592102991401144,0.592102991401144,0.592102991401144,0.592102991401144,0.592102991401144,0.592102991401144,0.592102991401144,0.592102991401144,0.592102991401144,0.592102991401144,0.592102991401144,0.592102991401144
0.6004372604906831,0.6004372604906831,0.6004372604906831,0.6004372604906831,0.6004372604906831,0.6004372604906831,0.6004372604906831,0.6004372604906831,0.6004372604906831,0.6004372604906831,0.6004372604906831,0.6004372604906831,0.6004372604906831,0.6004372604906831
0.2722422717692561,0.2722422717692561,0.2722422717692561,0.2722422717692561,0.2722422717692561,0.2722422717692561,0.2722422717692561,0.2722422717692561,0.2722422717692561,0.2722422717692561,0.2722422717692561,0.2722422717692561,0.2722422717692561,0.2722422717692561
0.748656220669559,0.748656220669559,0.748656220669559,0.748656220669559,0.748656220669559,0.748656220669559,0.748656220669559,0.748656220669559,0.748656220669559,0.748656220669559,0.748656220669559,0.748656220669559,0.748656220669559,0.748656220669559
0.681289376987143,0.681289376987143,0.681289376987143,0.681289376987143,0.681289376987143,0.681289376987143,0.681289376987143,0.681289376987143,0.681289376987143,0.681289376987143,0.681289376987143,0.681289376987143,0.681289376987143,0.681289376987143
0.768500222758343,0.768500222758343,0.768500222758343,0.768500222758343,0.768500222758343,0.768500222758343,0.768500222758343,0.768500222758343,0.768500222758343,0.768500222758343,0.768500222758343,0.768500222758343,0.768500222758343,0.768500222758343
0.9800717631602176,0.9800717631602176,0.9800717631602176,0.9800717631602176,0.9800717631602176,0.9800717631602176,0.9800717631602176,0.9800717631602176,0.9800717631602176,0.9800717631602176,0.9800717631602176,0.9800717631602176,0.9800717631602176,0.9800717631602176
0.7472711852814731,0.7472711852814731,0.7472711852814731,0.7472711852814731,0.7472711852814731,0.7472711852814731,0.7472711852814731,0.7472711852814731,0.7472711852814731,0.7472711852814731,0.7472711852814731,0.7472711852814731,0.7472711852814731,0.7472711852814731
0.8762895537305361,0.8762895537305361,0.8762895537305361,0.8762895537305361,0.8762895537305361,0.8762895537305361,0.8762895537305361,0.8762895537305361,0.8762895537305361,0.8762895537305361,0.8762895537305361,0.8762895537305361,0.8762895537305361,0.8762895537305361
0.7679960133747724,0.7679960133747724,0.7679960133747724,0.7679960133747724,0.7679960133747724,0.7679960133747724,0.7679960133747724,0.7679960133747724,0.7679960133747724,0.7679960133747724,0.7679960133747724,0.7679960133747724,0.7679960133747724,0.7679960133747724
0.745231397395507,0.745231397395507,0.745231397395507,0.745231397395507,0.745231397395507,0.745231397395507,0.745231397395507,0.745231397395507,0.745231397395507,0.745231397395507,0.745231397395507,0.745231397395507,0.745231397395507,0.745231397395507
0.32364917233040646,0.32364917233040646,0.32364917233040646,0.32364917233040646,0.32364917233040646,0.32364917233040646,0.32364917233040646,0.32364917233040646,0.32364917233040646,0.32364917233040646,0.32364917233040646,0.32364917233040646,0.32364917233040646,0.32364917233040646
0.5619227814514722,0.5619227814514722,0.5619227814514722,0.5619227814514722,0.5619227814514722,0.5619227814514722,0.5619227814514722,0.5619227814514722,0.5619227814514722,0.5619227814514722,0.5619227814514722,0.5619227814514722,0.5619227814514722,0.5619227814514722
0.9145670593121912,0.9145670593121912,0.9145670593121912,0.9145670593121912,0.9145670593121912,0.9145670593121912,0.9145670593121912,0.9145670593121912,0.9145670593121912,0.9145670593121912,0.9145670593121912,0.9145670593121912,0.9145670593121912,0.9145670593121912
0.7971163588999564,0.7971163588999564,0.7971163588999564,0.7971163588999564,0.7971163588999564,0.7971163588999564,0.7971163588999564,0.7971163588999564,0.7971163588999564,0.7971163588999564,0.7971163588999564,0.7971163588999564,0.7971163588999564,0.7971163588999564
0.9008387260511201,0.9008387260511201,0.9008387260511201,0.9008387260511201,0.9008387260511201,0.9008387260511201,0.9008387260511201,0.9008387260511201,0.9008387260511201,0.9008387260511201,0.9008387260511201,0.9008387260511201,0.9008387260511201,0.9008387260511201
0.9902641287329148,0.9902641287329148,0.9902641287329148,0.9902641287329148,0.9902641287329148,0.9902641287329148,0.9902641287329148,0.9902641287329148,0.9902641287329148,0.9902641287329148,0.9902641287329148,0.9902641287329148,0.9902641287329148,0.9902641287329148
0.5021066196139536,0.5021066196139536,0.5021066196139536,0.5021066196139536,0.5021066196139536,0.5021066196139536,0.5021066196139536,0.5021066196139536,0.5021066196139536,0.5021066196139536,0.5021066196139536,0.5021066196139536,0.5021066196139536,0.5021066196139536
0.6818892127229536,0.6818892127229536,0.6818892127229536,0.6818892127229536,0.6818892127229536,0.6818892127229536,0.6818892127229536,0.6818892127229536,0.6818892127229536,0.6818892127229536,0.6818892127229536,0.6818892127229536,0.6818892127229536,0.6818892127229536
0.6109914137192811,0.6109914137192811,0.6109914137192811,0.6109914137192811,0.6109914137192811,0.6109914137192811,0.6109914137192811,0.6109914137192811,0.6109914137192811,0.6109914137192811,0.6109914137192811,0.6109914137192811,0.6109914137192811,0.6109914137192811
0.7678900454251865,0.7678900454251865,0.7678900454251865,0.7678900454251865,0.7678900454251865,0.7678900454251865,0.7678900454251865,0.7678900454251865,0.7678900454251865,0.7678900454251865,0.7678900454251865,0.7678900454251865,0.7678900454251865,0.7678900454251865
0.5481842302858452,0.5481842302858452,0.5481842302858452,0.5481842302858452,0.5481842302858452,0.5481842302858452,0.5481842302858452,0.5481842302858452,0.5481842302858452,0.5481842302858452,0.5481842302858452,0.5481842302858452,0.5481842302858452,0.5481842302858452
0.7723968423062422,0.7723968423062422,0.7723968423062422,0.7723968423062422,0.7723968423062422,0.7723968423062422,0.7723968423062422,0.7723968423062422,0.7723968423062422,0.7723968423062422,0.7723968423062422,0.7723968423062422,0.7723968423062422,0.7723968423062422
0.7857253827278418,0.7857253827278418,0.7857253827278418,0.7857253827278418,0.7857253827278418,0.7857253827278418,0.7857253827278418,0.7857253827278418,0.7857253827278418,0.7857253827278418,0.7857253827278418,0.7857253827278418,0.7857253827278418,0.7857253827278418
0.4425916427373538,0.4425916427373538,0.4425916427373538,0.4425916427373538,0.4425916427373538,0.4425916427373538,0.4425916427373538,0.4425916427373538,0.4425916427373538,0.4425916427373538,0.4425916427373538,0.4425916427373538,0.4425916427373538,0.4425916427373538
0.7358437608441415,0.7358437608441415,0.7358437608441415,0.7358437608441415,0.7358437608441415,0.7358437608441415,0.7358437608441415,0.7358437608441415,0.7358437608441415,0.7358437608441415,0.7358437608441415,0.7358437608441415,0.7358437608441415,0.7358437608441415
0.500651486526805,0.500651486526805,0.500651486526805,0.500651486526805,0.500651486526805,0.500651486526805,0.500651486526805,0.500651486526805,0.500651486526805,0.500651486526805,0.500651486526805,0.500651486526805,0.500651486526805,0.500651486526805
0.6221715346800032,0.6221715346800032,0.6221715346800032,0.6221715346800032,0.6221715346800032,0.6221715346800032,0.6221715346800032,0.6221715346800032,0.6221715346800032,0.6221715346800032,0.6221715346800032,0.6221715346800032,0.6221715346800032,0.6221715346800032
0.547163148249001,0.547163148249001,0.547163148249001,0.547163148249001,0.547163148249001,0.547163148249001,0.547163148249001,0.547163148249001,0.547163148249001,0.547163148249001,0.547163148249001,0.547163148249001,0.547163148249001,0.547163148249001
0.4869646518976416,0.4869646518976416,0.4869646518976416,0.4869646518976416,0.4869646518976416,0.4869646518976416,0.4869646518976416,0.4869646518976416,0.4869646518976416,0.4869646518976416,0.4869646518976416,0.4869646518976416,0.4869646518976416,0.4869646518976416
0.6085557017881551,0.6085557017881551,0.6085557017881551,0.6085557017881551,0.6085557017881551,0.6085557017881551,0.6085557017881551,0.6085557017881551,0.6085557017881551,0.6085557017881551,0.6085557017881551,0.6085557017881551,0.6085557017881551,0.6085557017881551
0.5649408002173086,0.5649408002173086,0.5649408002173086,0.5649408002173086,0.5649408002173086,0.5649408002173086,0.5649408002173086,0.5649408002173086,0.5649408002173086,0.5649408002173086,0.5649408002173086,0.5649408002173086,0.5649408002173086,0.5649408002173086
0.7475953613768469,0.7475953613768469,0.7475953613768469,0.7475953613768469,0.7475953613768469,0.7475953613768469,0.7475953613768469,0.7475953613768469,0.7475953613768469,0.7475953613768469,0.7475953613768469,0.7475953613768469,0.7475953613768469,0.7475953613768469
0.9716927649949636,0.9716927649949636,0.9716927649949636,0.9716927649949636,0.9716927649949636,0.9716927649949636,0.9716927649949636,0.9716927649949636,0.9716927649949636,0.9716927649949636,0.9716927649949636,0.9716927649949636,0.9716927649949636,0.9716927649949636
0.40037143370025857,0.40037143370025857,0.40037143370025857,0.40037143370025857,0.40037143370025857,0.40037143370025857,0.40037143370025857,0.40037143370025857,0.40037143370025857,0.40037143370025857,0.40037143370025857,0.40037143370025857,0.40037143370025857,0.40037143370025857
0.9604538951071884,0.9604538951071884,0.9604538951071884,0.9604538951071884,0.9604538951071884,0.9604538951071884,0.9604538951071884,0.9604538951071884,0.9604538951071884,0.9604538951071884,0.9604538951071884,0.9604538951071884,0.9604538951071884,0.9604538951071884
0.7616977551475138,0.7616977551475138,0.7616977551475138,0.7616977551475138,0.7616977551475138,0.7616977551475138,0.7616977551475138,0.7616977551475138,0.7616977551475138,0.7616977551475138,0.7616977551475138,0.7616977551475138,0.7616977551475138,0.7616977551475138
0.7046980545884169,0.7046980545884169,0.7046980545884169,0.7046980545884169,0.7046980545884169,0.7046980545884169,0.7046980545884169,0.7046980545884169,0.7046980545884169,0.7046980545884169,0.7046980545884169,0.7046980545884169,0.7046980545884169,0.7046980545884169
0.9466480431928386,0.9466480431928386,0.9466480431928386,0.9466480431928386,0.9466480431928386,0.9466480431928386,0.9466480431928386,0.9466480431928386,0.9466480431928386,0.9466480431928386,0.9466480431928386,0.9466480431928386,0.9466480431928386,0.9466480431928386
0.6435059664057616,0.6435059664057616,0.6435059664057616,0.6435059664057616,0.6435059664057616,0.6435059664057616,0.6435059664057616,0.6435059664057616,0.6435059664057616,0.6435059664057616,0.6435059664057616,0.6435059664057616,0.6435059664057616,0.6435059664057616
0.7514120520111913,0.7514120520111913,0.7514120520111913,0.7514120520111913,0.7514120520111913,0.7514120520111913,0.7514120520111913,0.7514120520111913,0.7514120520111913,0.7514120520111913,0.7514120520111913,0.7514120520111913,0.7514120520111913,0.7514120520111913
0.5414198234758576,0.5414198234758576,0.5414198234758576,0.5414198234758576,0.5414198234758576,0.5414198234758576,0.5414198234758576,0.5414198234758576,0.5414198234758576,0.5414198234758576,0.5414198234758576,0.5414198234758576,0.5414198234758576,0.5414198234758576
0.5033306010640496,0.5033306010640496,0.5033306010640496,0.5033306010640496,0.5033306010640496,0.5033306010640496,0.5033306010640496,0.5033306010640496,0.5033306010640496,0.5033306010640496,0.5033306010640496,0.5033306010640496,0.5033306010640496,0.5033306010640496
0.552619388141075,0.552619388141075,0.552619388141075,0.552619388141075,0.552619388141075,0.552619388141075,0.552619388141075,0.552619388141075,0.552619388141075,0.552619388141075,0.552619388141075,0.552619388141075,0.552619388141075,0.552619388141075
0.6203741168987186,0.6203741168987186,0.6203741168987186,0.6203741168987186,0.6203741168987186,0.6203741168987186,0.6203741168987186,0.6203741168987186,0.6203741168987186,0.6203741168987186,0.6203741168987186,0.6203741168987186,0.6203741168987186,0.6203741168987186
0.33828342396718364,0.33828342396718364,0.33828342396718364,0.33828342396718364,0.33828342396718364,0.33828342396718364,0.33828342396718364,0.33828342396718364,0.33828342396718364,0.33828342396718364,0.33828342396718364,0.33828342396718364,0.33828342396718364,0.33828342396718364
0.6605353415930473,0.6605353415930473,0.6605353415930473,0.6605353415930473,0.6605353415930473,0.6605353415930473,0.6605353415930473,0.6605353415930473,0.6605353415930473,0.6605353415930473,0.6605353415930473,0.6605353415930473,0.6605353415930473,0.6605353415930473
0.9783285696229128,0.9783285696229128,0.9783285696229128,0.9783285696229128,0.9783285696229128,0.9783285696229128,0.9783285696229128,0.9783285696229128,0.9783285696229128,0.9783285696229128,0.9783285696229128,0.9783285696229128,0.9783285696229128,0.9783285696229128
0.9629749997316652,0.9629749997316652,0.9629749997316652,0.9629749997316652,0.9629749997316652,0.9629749997316652,0.9629749997316652,0.9629749997316652,0.9629749997316652,0.9629749997316652,0.9629749997316652,0.9629749997316652,0.9629749997316652,0.9629749997316652
0.9923863417341696,0.9923863417341696,0.9923863417341696,0.9923863417341696,0.9923863417341696,0.9923863417341696,0.9923863417341696,0.9923863417341696,0.9923863417341696,0.9923863417341696,0.9923863417341696,0.9923863417341696,0.9923863417341696,0.9923863417341696
0.6502723807978732,0.6502723807978732,0.6502723807978732,0.6502723807978732,0.6502723807978732,0.6502723807978732,0.6502723807978732,0.6502723807978732,0.6502723807978732,0.6502723807978732,0.6502723807978732,0.6502723807978732,0.6502723807978732,0.6502723807978732
0.8123616235914896,0.8123616235914896,0.8123616235914896,0.8123616235914896,0.8123616235914896,0.8123616235914896,0.8123616235914896,0.8123616235914896,0.8123616235914896,0.8123616235914896,0.8123616235914896,0.8123616235914896,0.8123616235914896,0.8123616235914896
0.5825964311877035,0.5825964311877035,0.5825964311877035,0.5825964311877035,0.5825964311877035,0.5825964311877035,0.5825964311877035,0.5825964311877035,0.5825964311877035,0.5825964311877035,0.5825964311877035,0.5825964311877035,0.5825964311877035,0.5825964311877035
0.4448933406738363,0.4448933406738363,0.4448933406738363,0.4448933406738363,0.4448933406738363,0.4448933406738363,0.4448933406738363,0.4448933406738363,0.4448933406738363,0.4448933406738363,0.4448933406738363,0.4448933406738363,0.4448933406738363,0.4448933406738363
0.39610913236182066,0.39610913236182066,0.39610913236182066,0.39610913236182066,0.39610913236182066,0.39610913236182066,0.39610913236182066,0.39610913236182066,0.39610913236182066,0.39610913236182066,0.39610913236182066,0.39610913236182066,0.39610913236182066,0.39610913236182066
0.9176137812348514,0.9176137812348514,0.9176137812348514,0.9176137812348514,0.9176137812348514,0.9176137812348514,0.9176137812348514,0.9176137812348514,0.9176137812348514,0.9176137812348514,0.9176137812348514,0.9176137812348514,0.9176137812348514,0.9176137812348514
0.6215935168746813,0.6215935168746813,0.6215935168746813,0.6215935168746813,0.6215935168746813,0.6215935168746813,0.6215935168746813,0.6215935168746813,0.6215935168746813,0.6215935168746813,0.6215935168746813,0.6215935168746813,0.6215935168746813,0.6215935168746813
0.5307507637846118,0.5307507637846118,0.5307507637846118,0.5307507637846118,0.5307507637846118,0.5307507637846118,0.5307507637846118,0.5307507637846118,0.5307507637846118,0.5307507637846118,0.5307507637846118,0.5307507637846118,0.5307507637846118,0.5307507637846118
0.45972939163965715,0.45972939163965715,0.45972939163965715,0.45972939163965715,0.45972939163965715,0.45972939163965715,0.45972939163965715,0.45972939163965715,0.45972939163965715,0.45972939163965715,0.45972939163965715,0.45972939163965715,0.45972939163965715,0.45972939163965715
0.7457099469424814,0.7457099469424814,0.7457099469424814,0.7457099469424814,0.7457099469424814,0.7457099469424814,0.7457099469424814,0.7457099469424814,0.7457099469424814,0.7457099469424814,0.7457099469424814,0.7457099469424814,0.7457099469424814,0.7457099469424814
0.6853030510977032,0.6853030510977032,0.6853030510977032,0.6853030510977032,0.6853030510977032,0.6853030510977032,0.6853030510977032,0.6853030510977032,0.6853030510977032,0.6853030510977032,0.6853030510977032,0.6853030510977032,0.6853030510977032,0.6853030510977032
0.35598709869600254,0.35598709869600254,0.35598709869600254,0.35598709869600254,0.35598709869600254,0.35598709869600254,0.35598709869600254,0.35598709869600254,0.35598709869600254,0.35598709869600254,0.35598709869600254,0.35598709869600254,0.35598709869600254,0.35598709869600254
0.716124302530438,0.716124302530438,0.716124302530438,0.716124302530438,0.716124302530438,0.716124302530438,0.716124302530438,0.716124302530438,0.716124302530438,0.716124302530438,0.716124302530438,0.716124302530438,0.716124302530438,0.716124302530438
0.4968027268660611,0.4968027268660611,0.4968027268660611,0.4968027268660611,0.4968027268660611,0.4968027268660611,0.4968027268660611,0.4968027268660611,0.4968027268660611,0.4968027268660611,0.4968027268660611,0.4968027268660611,0.4968027268660611,0.4968027268660611
0.7887693896532639,0.7887693896532639,0.7887693896532639,0.7887693896532639,0.7887693896532639,0.7887693896532639,0.7887693896532639,0.7887693896532639,0.7887693896532639,0.7887693896532639,0.7887693896532639,0.7887693896532639,0.7887693896532639,0.7887693896532639
0.770878353557989,0.770878353557989,0.770878353557989,0.770878353557989,0.770878353557989,0.770878353557989,0.770878353557989,0.770878353557989,0.770878353557989,0.770878353557989,0.770878353557989,0.770878353557989,0.770878353557989,0.770878353557989
0.8232449890069854,0.8232449890069854,0.8232449890069854,0.8232449890069854,0.8232449890069854,0.8232449890069854,0.8232449890069854,0.8232449890069854,0.8232449890069854,0.8232449890069854,0.8232449890069854,0.8232449890069854,0.8232449890069854,0.8232449890069854
0.570732173377891,0.570732173377891,0.570732173377891,0.570732173377891,0.570732173377891,0.570732173377891,0.570732173377891,0.570732173377891,0.570732173377891,0.570732173377891,0.570732173377891,0.570732173377891,0.570732173377891,0.570732173377891
0.8922527409220671,0.8922527409220671,0.8922527409220671,0.8922527409220671,0.8922527409220671,0.8922527409220671,0.8922527409220671,0.8922527409220671,0.8922527409220671,0.8922527409220671,0.8922527409220671,0.8922527409220671,0.8922527409220671,0.8922527409220671
0.5412882961159672,0.5412882961159672,0.5412882961159672,0.5412882961159672,0.5412882961159672,0.5412882961159672,0.5412882961159672,0.5412882961159672,0.5412882961159672,0.5412882961159672,0.5412882961159672,0.5412882961159672,0.5412882961159672,0.5412882961159672
0.6158907826997098,0.6158907826997098,0.6158907826997098,0.6158907826997098,0.6158907826997098,0.6158907826997098,0.6158907826997098,0.6158907826997098,0.6158907826997098,0.6158907826997098,0.6158907826997098,0.6158907826997098,0.6158907826997098,0.6158907826997098
0.8374617346807818,0.8374617346807818,0.8374617346807818,0.8374617346807818,0.8374617346807818,0.8374617346807818,0.8374617346807818,0.8374617346807818,0.8374617346807818,0.8374617346807818,0.8374617346807818,0.8374617346807818,0.8374617346807818,0.8374617346807818
0.6419944743270551,0.6419944743270551,0.6419944743270551,0.6419944743270551,0.6419944743270551,0.6419944743270551,0.6419944743270551,0.6419944743270551,0.6419944743270551,0.6419944743270551,0.6419944743270551,0.6419944743270551,0.6419944743270551,0.6419944743270551
0.47193139125151945,0.47193139125151945,0.47193139125151945,0.47193139125151945,0.47193139125151945,0.47193139125151945,0.47193139125151945,0.47193139125151945,0.47193139125151945,0.47193139125151945,0.47193139125151945,0.47193139125151945,0.47193139125151945,0.47193139125151945
0.7168961134139228,0.7168961134139228,0.7168961134139228,0.7168961134139228,0.7168961134139228,0.7168961134139228,0.7168961134139228,0.7168961134139228,0.7168961134139228,0.7168961134139228,0.7168961134139228,0.7168961134139228,0.7168961134139228,0.7168961134139228
0.578363825479103,0.578363825479103,0.578363825479103,0.578363825479103,0.578363825479103,0.578363825479103,0.578363825479103,0.578363825479103,0.578363825479103,0.578363825479103,0.578363825479103,0.578363825479103,0.578363825479103,0.578363825479103
0.8790529072822995,0.8790529072822995,0.8790529072822995,0.8790529072822995,0.8790529072822995,0.8790529072822995,0.8790529072822995,0.8790529072822995,0.8790529072822995,0.8790529072822995,0.8790529072822995,0.8790529072822995,0.8790529072822995,0.8790529072822995
0.7642556460009631,0.7642556460009631,0.7642556460009631,0.7642556460009631,0.7642556460009631,0.7642556460009631,0.7642556460009631,0.7642556460009631,0.7642556460009631,0.7642556460009631,0.7642556460009631,0.7642556460009631,0.7642556460009631,0.7642556460009631
0.8497113511402963,0.8497113511402963,0.8497113511402963,0.8497113511402963,0.8497113511402963,0.8497113511402963,0.8497113511402963,0.8497113511402963,0.8497113511402963,0.8497113511402963,0.8497113511402963,0.8497113511402963,0.8497113511402963,0.8497113511402963
0.8506465535389498,0.8506465535389498,0.8506465535389498,0.8506465535389498,0.8506465535389498,0.8506465535389498,0.8506465535389498,0.8506465535389498,0.8506465535389498,0.8506465535389498,0.8506465535389498,0.8506465535389498,0.8506465535389498,0.8506465535389498
0.7733348441210333,0.7733348441210333,0.7733348441210333,0.7733348441210333,0.7733348441210333,0.7733348441210333,0.7733348441210333,0.7733348441210333,0.7733348441210333,0.7733348441210333,0.7733348441210333,0.7733348441210333,0.7733348441210333,0.7733348441210333
0.5477570572896753,0.5477570572896753,0.5477570572896753,0.5477570572896753,0.5477570572896753,0.5477570572896753,0.5477570572896753,0.5477570572896753,0.5477570572896753,0.5477570572896753,0.5477570572896753,0.5477570572896753,0.5477570572896753,0.5477570572896753
0.5809879850799231,0.5809879850799231,0.5809879850799231,0.5809879850799231,0.5809879850799231,0.5809879850799231,0.5809879850799231,0.5809879850799231,0.5809879850799231,0.5809879850799231,0.5809879850799231,0.5809879850799231,0.5809879850799231,0.5809879850799231
0.935916497066144,0.935916497066144,0.935916497066144,0.935916497066144,0.935916497066144,0.935916497066144,0.935916497066144,0.935916497066144,0.935916497066144,0.935916497066144,0.935916497066144,0.935916497066144,0.935916497066144,0.935916497066144
0.7784804318396779,0.7784804318396779,0.7784804318396779,0.7784804318396779,0.7784804318396779,0.7784804318396779,0.7784804318396779,0.7784804318396779,0.7784804318396779,0.7784804318396779,0.7784804318396779,0.7784804318396779,0.7784804318396779,0.7784804318396779
0.770520413068116,0.770520413068116,0.770520413068116,0.770520413068116,0.770520413068116,0.770520413068116,0.770520413068116,0.770520413068116,0.770520413068116,0.770520413068116,0.770520413068116,0.770520413068116,0.770520413068116,0.770520413068116
0.702496253542626,0.702496253542626,0.702496253542626,0.702496253542626,0.702496253542626,0.702496253542626,0.702496253542626,0.702496253542626,0.702496253542626,0.702496253542626,0.702496253542626,0.702496253542626,0.702496253542626,0.702496253542626
0.8271311444542746,0.8271311444542746,0.8271311444542746,0.8271311444542746,0.8271311444542746,0.8271311444542746,0.8271311444542746,0.8271311444542746,0.8271311444542746,0.8271311444542746,0.8271311444542746,0.8271311444542746,0.8271311444542746,0.8271311444542746
0.670244238636798,0.670244238636798,0.670244238636798,0.670244238636798,0.670244238636798,0.670244238636798,0.670244238636798,0.670244238636798,0.670244238636798,0.670244238636798,0.670244238636798,0.670244238636798,0.670244238636798,0.670244238636798
0.6064052126662666,0.6064052126662666,0.6064052126662666,0.6064052126662666,0.6064052126662666,0.6064052126662666,0.6064052126662666,0.6064052126662666,0.6064052126662666,0.6064052126662666,0.6064052126662666,0.6064052126662666,0.6064052126662666,0.6064052126662666
0.8584919890625465,0.8584919890625465,0.8584919890625465,0.8584919890625465,0.8584919890625465,0.8584919890625465,0.8584919890625465,0.8584919890625465,0.8584919890625465,0.8584919890625465,0.8584919890625465,0.8584919890625465,0.8584919890625465,0.8584919890625465
0.6012400479672434,0.6012400479672434,0.6012400479672434,0.6012400479672434,0.6012400479672434,0.6012400479672434,0.6012400479672434,0.6012400479672434,0.6012400479672434,0.6012400479672434,0.6012400479672434,0.6012400479672434,0.6012400479672434,0.6012400479672434
0.7808147834724117,0.7808147834724117,0.7808147834724117,0.7808147834724117,0.7808147834724117,0.7808147834724117,0.7808147834724117,0.7808147834724117,0.7808147834724117,0.7808147834724117,0.7808147834724117,0.7808147834724117,0.7808147834724117,0.7808147834724117
0.8520247859208211,0.8520247859208211,0.8520247859208211,0.8520247859208211,0.8520247859208211,0.8520247859208211,0.8520247859208211,0.8520247859208211,0.8520247859208211,0.8520247859208211,0.8520247859208211,0.8520247859208211,0.8520247859208211,0.8520247859208211
0.6849949130645009,0.6849949130645009,0.6849949130645009,0.6849949130645009,0.6849949130645009,0.6849949130645009,0.6849949130645009,0.6849949130645009,0.6849949130645009,0.6849949130645009,0.6849949130645009,0.6849949130645009,0.6849949130645009,0.6849949130645009
0.5125541269877393,0.5125541269877393,0.5125541269877393,0.5125541269877393,0.5125541269877393,0.5125541269877393,0.5125541269877393,0.5125541269877393,0.5125541269877393,0.5125541269877393,0.5125541269877393,0.5125541269877393,0.5125541269877393,0.5125541269877393
0.4219811882470516,0.4219811882470516,0.4219811882470516,0.4219811882470516,0.4219811882470516,0.4219811882470516,0.4219811882470516,0.4219811882470516,0.4219811882470516,0.4219811882470516,0.4219811882470516,0.4219811882470516,0.4219811882470516,0.4219811882470516
0.4484552875152107,0.4484552875152107,0.4484552875152107,0.4484552875152107,0.4484552875152107,0.4484552875152107,0.4484552875152107,0.4484552875152107,0.4484552875152107,0.4484552875152107,0.4484552875152107,0.4484552875152107,0.4484552875152107,0.4484552875152107
0.7845146850927209,0.7845146850927209,0.7845146850927209,0.7845146850927209,0.7845146850927209,0.7845146850927209,0.7845146850927209,0.7845146850927209,0.7845146850927209,0.7845146850927209,0.7845146850927209,0.7845146850927209,0.7845146850927209,0.7845146850927209
0.684986551680295,0.684986551680295,0.684986551680295,0.684986551680295,0.684986551680295,0.684986551680295,0.684986551680295,0.684986551680295,0.684986551680295,0.684986551680295,0.684986551680295,0.684986551680295,0.684986551680295,0.684986551680295
0.6438247477985469,0.6438247477985469,0.6438247477985469,0.6438247477985469,0.6438247477985469,0.6438247477985469,0.6438247477985469,0.6438247477985469,0.6438247477985469,0.6438247477985469,0.6438247477985469,0.6438247477985469,0.6438247477985469,0.6438247477985469
0.7547324644307063,0.7547324644307063,0.7547324644307063,0.7547324644307063,0.7547324644307063,0.7547324644307063,0.7547324644307063,0.7547324644307063,0.7547324644307063,0.7547324644307063,0.7547324644307063,0.7547324644307063,0.7547324644307063,0.7547324644307063
0.5883954499272722,0.5883954499272722,0.5883954499272722,0.5883954499272722,0.5883954499272722,0.5883954499272722,0.5883954499272722,0.5883954499272722,0.5883954499272722,0.5883954499272722,0.5883954499272722,0.5883954499272722,0.5883954499272722,0.5883954499272722
0.22744986393732652,0.22744986393732652,0.22744986393732652,0.22744986393732652,0.22744986393732652,0.22744986393732652,0.22744986393732652,0.22744986393732652,0.22744986393732652,0.22744986393732652,0.22744986393732652,0.22744986393732652,0.22744986393732652,0.22744986393732652
0.7066512720181938,0.7066512720181938,0.7066512720181938,0.7066512720181938,0.7066512720181938,0.7066512720181938,0.7066512720181938,0.7066512720181938,0.7066512720181938,0.7066512720181938,0.7066512720181938,0.7066512720181938,0.7066512720181938,0.7066512720181938
0.8109726625450746,0.8109726625450746,0.8109726625450746,0.8109726625450746,0.8109726625450746,0.8109726625450746,0.8109726625450746,0.8109726625450746,0.8109726625450746,0.8109726625450746,0.8109726625450746,0.8109726625450746,0.8109726625450746,0.8109726625450746
0.7502301858900305,0.7502301858900305,0.7502301858900305,0.7502301858900305,0.7502301858900305,0.7502301858900305,0.7502301858900305,0.7502301858900305,0.7502301858900305,0.7502301858900305,0.7502301858900305,0.7502301858900305,0.7502301858900305,0.7502301858900305
0.7089655612805708,0.7089655612805708,0.7089655612805708,0.7089655612805708,0.7089655612805708,0.7089655612805708,0.7089655612805708,0.7089655612805708,0.7089655612805708,0.7089655612805708,0.7089655612805708,0.7089655612805708,0.7089655612805708,0.7089655612805708
0.733218590444217,0.733218590444217,0.733218590444217,0.733218590444217,0.733218590444217,0.733218590444217,0.733218590444217,0.733218590444217,0.733218590444217,0.733218590444217,0.733218590444217,0.733218590444217,0.733218590444217,0.733218590444217
0.995507170502556,0.995507170502556,0.995507170502556,0.995507170502556,0.995507170502556,0.995507170502556,0.995507170502556,0.995507170502556,0.995507170502556,0.995507170502556,0.995507170502556,0.995507170502556,0.995507170502556,0.995507170502556
0.692295026046755,0.692295026046755,0.692295026046755,0.692295026046755,0.692295026046755,0.692295026046755,0.692295026046755,0.692295026046755,0.692295026046755,0.692295026046755,0.692295026046755,0.692295026046755,0.692295026046755,0.692295026046755
0.7261120653343414,0.7261120653343414,0.7261120653343414,0.7261120653343414,0.7261120653343414,0.7261120653343414,0.7261120653343414,0.7261120653343414,0.7261120653343414,0.7261120653343414,0.7261120653343414,0.7261120653343414,0.7261120653343414,0.7261120653343414
0.6276966516255726,0.6276966516255726,0.6276966516255726,0.6276966516255726,0.6276966516255726,0.6276966516255726,0.6276966516255726,0.6276966516255726,0.6276966516255726,0.6276966516255726,0.6276966516255726,0.6276966516255726,0.6276966516255726,0.6276966516255726
0.31414485612163046,0.31414485612163046,0.31414485612163046,0.31414485612163046,0.31414485612163046,0.31414485612163046,0.31414485612163046,0.31414485612163046,0.31414485612163046,0.31414485612163046,0.31414485612163046,0.31414485612163046,0.31414485612163046,0.31414485612163046
0.38910082653707834,0.38910082653707834,0.38910082653707834,0.38910082653707834,0.38910082653707834,0.38910082653707834,0.38910082653707834,0.38910082653707834,0.38910082653707834,0.38910082653707834,0.38910082653707834,0.38910082653707834,0.38910082653707834,0.38910082653707834
0.572881037679548,0.572881037679548,0.572881037679548,0.572881037679548,0.572881037679548,0.572881037679548,0.572881037679548,0.572881037679548,0.572881037679548,0.572881037679548,0.572881037679548,0.572881037679548,0.572881037679548,0.572881037679548
0.48485676215572626,0.48485676215572626,0.48485676215572626,0.48485676215572626,0.48485676215572626,0.48485676215572626,0.48485676215572626,0.48485676215572626,0.48485676215572626,0.48485676215572626,0.48485676215572626,0.48485676215572626,0.48485676215572626,0.48485676215572626
0.48592317946406904,0.48592317946406904,0.48592317946406904,0.48592317946406904,0.48592317946406904,0.48592317946406904,0.48592317946406904,0.48592317946406904,0.48592317946406904,0.48592317946406904,0.48592317946406904,0.48592317946406904,0.48592317946406904,0.48592317946406904
