rtA1,rtA2,rtA1a,rtA1b,rtA1c,rtA1a1,rtA1a2,rtA1b1,rtA1b2,rtA1c1,rtA1c2,rtA1a1a,rtA1a1b,rtA1a2a,rtA1a2b,rtA1b1a,rtA1b1b,rtA1b2a,rtA1b2b,rtA1c1a,rtA1c1b,rtA1c2a,rtA1c2b,rtA2a,rtA2b,rtA2a1,rtA2a2,rtA2a3,rtA2a1A,rtA2a1B,rtA2a1A1,rtA2a1A2,rtA2a1B1,rtA2a1B2,rtA2a2A,rtA2a2B,rtA2a2A1,rtA2a2A2,rtA2a2B1,rtA2a2B2,rtA2a3A,rtA2a3B,rtA2a3A1,rtA2a3A2,rtA2a3B1,rtA2a3B2,rtA2b1,rtA2b2,rtA2b1A,rtA2b1B,rtA2b2A,rtA2b2B,id,isSmoker,willpower,health,smokedPerDay,turnsSinceLastChange,givingUp,stepsSinceGiveUp,giveUpAttempts,influenceability,sociable,$SWITCH_TABLE$simconsts$Operations
82417,721183,11107,58549,12761,249,10858,34746,23803,5273,7488,216,33,2685,8173,13565,0,8446,15357,1354,3919,1316,6172,42918,678265,11094,31822,2,5586,5508,4083,1503,5004,504,31822,0,8478,23344,0,0,0,2,0,0,2,0,309892,368373,109493,200399,175352,193021,n0,false,0.7930432865160778,0.746446853383712,0,4100,false,0,0,0.4980477120012749,0.4450878813640151,null
82417,721183,11107,58549,12761,249,10858,34746,23803,5273,7488,216,33,2685,8173,13565,0,8446,15357,1354,3919,1316,6172,42918,678265,11094,31822,2,5586,5508,4083,1503,5004,504,31822,0,8478,23344,0,0,0,2,0,0,2,0,309892,368373,109493,200399,175352,193021,n1,false,0.1489766407428813,0.7542458758323816,0,4100,false,0,0,0.24486701391518495,0.219915457707192,null
82417,721183,11107,58549,12761,249,10858,34746,23803,5273,7488,216,33,2685,8173,13565,0,8446,15357,1354,3919,1316,6172,42918,678265,11094,31822,2,5586,5508,4083,1503,5004,504,31822,0,8478,23344,0,0,0,2,0,0,2,0,309892,368373,109493,200399,175352,193021,n2,false,0.6207702793319547,0.8003528173131926,0,4100,false,0,0,0.4121270694795848,0.8972759475418117,null
82417,721183,11107,58549,12761,249,10858,34746,23803,5273,7488,216,33,2685,8173,13565,0,8446,15357,1354,3919,1316,6172,42918,678265,11094,31822,2,5586,5508,4083,1503,5004,504,31822,0,8478,23344,0,0,0,2,0,0,2,0,309892,368373,109493,200399,175352,193021,n3,false,0.007518696843429608,0.734053548110419,0,4100,false,0,0,0.5144337102074323,0.07595471670217813,null
82417,721183,11107,58549,12761,249,10858,34746,23803,5273,7488,216,33,2685,8173,13565,0,8446,15357,1354,3919,1316,6172,42918,678265,11094,31822,2,5586,5508,4083,1503,5004,504,31822,0,8478,23344,0,0,0,2,0,0,2,0,309892,368373,109493,200399,175352,193021,n4,true,0.8424270162034311,0.7797815630082817,12,4100,false,0,0,0.3302299236162659,0.840575071327416,null
82417,721183,11107,58549,12761,249,10858,34746,23803,5273,7488,216,33,2685,8173,13565,0,8446,15357,1354,3919,1316,6172,42918,678265,11094,31822,2,5586,5508,4083,1503,5004,504,31822,0,8478,23344,0,0,0,2,0,0,2,0,309892,368373,109493,200399,175352,193021,n6,false,0.479796871197755,0.8436641981430812,0,3597,false,500,1,0.8462237315786152,0.7929599181749184,null
82417,721183,11107,58549,12761,249,10858,34746,23803,5273,7488,216,33,2685,8173,13565,0,8446,15357,1354,3919,1316,6172,42918,678265,11094,31822,2,5586,5508,4083,1503,5004,504,31822,0,8478,23344,0,0,0,2,0,0,2,0,309892,368373,109493,200399,175352,193021,n9,false,0.4496085716567219,0.3467547303406848,0,4100,false,0,0,0.6984883332339332,0.36557837127056514,null
82417,721183,11107,58549,12761,249,10858,34746,23803,5273,7488,216,33,2685,8173,13565,0,8446,15357,1354,3919,1316,6172,42918,678265,11094,31822,2,5586,5508,4083,1503,5004,504,31822,0,8478,23344,0,0,0,2,0,0,2,0,309892,368373,109493,200399,175352,193021,n10,false,0.42437332915769704,0.6052875139547479,0,4100,false,0,0,0.6179265606682179,0.4620361204540254,null
82417,721183,11107,58549,12761,249,10858,34746,23803,5273,7488,216,33,2685,8173,13565,0,8446,15357,1354,3919,1316,6172,42918,678265,11094,31822,2,5586,5508,4083,1503,5004,504,31822,0,8478,23344,0,0,0,2,0,0,2,0,309892,368373,109493,200399,175352,193021,n12,false,0.8756299410920956,0.46931172469547855,0,4100,false,0,0,0.08411280914527236,0.5597288968719627,null
82417,721183,11107,58549,12761,249,10858,34746,23803,5273,7488,216,33,2685,8173,13565,0,8446,15357,1354,3919,1316,6172,42918,678265,11094,31822,2,5586,5508,4083,1503,5004,504,31822,0,8478,23344,0,0,0,2,0,0,2,0,309892,368373,109493,200399,175352,193021,n13,false,0.8280539974421538,0.770227106546004,0,2792,false,500,2,0.032908705347140965,0.05722521380729462,null
82417,721183,11107,58549,12761,249,10858,34746,23803,5273,7488,216,33,2685,8173,13565,0,8446,15357,1354,3919,1316,6172,42918,678265,11094,31822,2,5586,5508,4083,1503,5004,504,31822,0,8478,23344,0,0,0,2,0,0,2,0,309892,368373,109493,200399,175352,193021,n15,false,0.2901535587111276,0.7453848249619409,0,4100,false,0,0,0.3777788934913462,0.8952486235541306,null
82417,721183,11107,58549,12761,249,10858,34746,23803,5273,7488,216,33,2685,8173,13565,0,8446,15357,1354,3919,1316,6172,42918,678265,11094,31822,2,5586,5508,4083,1503,5004,504,31822,0,8478,23344,0,0,0,2,0,0,2,0,309892,368373,109493,200399,175352,193021,n19,false,0.576158686063186,0.8660997797776264,0,4100,false,0,0,0.025086569532347502,0.8345130043941151,null
82417,721183,11107,58549,12761,249,10858,34746,23803,5273,7488,216,33,2685,8173,13565,0,8446,15357,1354,3919,1316,6172,42918,678265,11094,31822,2,5586,5508,4083,1503,5004,504,31822,0,8478,23344,0,0,0,2,0,0,2,0,309892,368373,109493,200399,175352,193021,n23,true,0.30812458616394534,0.6869305902518238,1,4100,false,0,0,0.7357288745401944,0.6071228680604048,null
82417,721183,11107,58549,12761,249,10858,34746,23803,5273,7488,216,33,2685,8173,13565,0,8446,15357,1354,3919,1316,6172,42918,678265,11094,31822,2,5586,5508,4083,1503,5004,504,31822,0,8478,23344,0,0,0,2,0,0,2,0,309892,368373,109493,200399,175352,193021,n26,false,0.6053452917035944,0.7283967725978981,0,4100,false,0,0,0.8628953556936059,0.5069426793701881,null
82417,721183,11107,58549,12761,249,10858,34746,23803,5273,7488,216,33,2685,8173,13565,0,8446,15357,1354,3919,1316,6172,42918,678265,11094,31822,2,5586,5508,4083,1503,5004,504,31822,0,8478,23344,0,0,0,2,0,0,2,0,309892,368373,109493,200399,175352,193021,n29,false,0.02736917432981192,0.6845589457431854,0,741,false,500,2,0.5402437750472555,0.7207749337085737,null
82417,721183,11107,58549,12761,249,10858,34746,23803,5273,7488,216,33,2685,8173,13565,0,8446,15357,1354,3919,1316,6172,42918,678265,11094,31822,2,5586,5508,4083,1503,5004,504,31822,0,8478,23344,0,0,0,2,0,0,2,0,309892,368373,109493,200399,175352,193021,n35,false,0.0944321856753177,0.9640997661167149,0,2597,false,500,2,0.06949560417371914,0.36943808839464876,null
82417,721183,11107,58549,12761,249,10858,34746,23803,5273,7488,216,33,2685,8173,13565,0,8446,15357,1354,3919,1316,6172,42918,678265,11094,31822,2,5586,5508,4083,1503,5004,504,31822,0,8478,23344,0,0,0,2,0,0,2,0,309892,368373,109493,200399,175352,193021,n36,false,0.4761846664713173,0.6715736316996999,0,236,true,236,2,0.47895824116147556,0.47494003247339733,null
82417,721183,11107,58549,12761,249,10858,34746,23803,5273,7488,216,33,2685,8173,13565,0,8446,15357,1354,3919,1316,6172,42918,678265,11094,31822,2,5586,5508,4083,1503,5004,504,31822,0,8478,23344,0,0,0,2,0,0,2,0,309892,368373,109493,200399,175352,193021,n37,false,0.7346918836585771,0.594046994672088,0,4100,false,0,0,0.22258278951592947,0.9176479534733712,null
82417,721183,11107,58549,12761,249,10858,34746,23803,5273,7488,216,33,2685,8173,13565,0,8446,15357,1354,3919,1316,6172,42918,678265,11094,31822,2,5586,5508,4083,1503,5004,504,31822,0,8478,23344,0,0,0,2,0,0,2,0,309892,368373,109493,200399,175352,193021,n39,false,0.8218206901669478,0.8209471485134687,0,2474,false,500,1,0.6282187731189162,0.8741847330930175,null
82417,721183,11107,58549,12761,249,10858,34746,23803,5273,7488,216,33,2685,8173,13565,0,8446,15357,1354,3919,1316,6172,42918,678265,11094,31822,2,5586,5508,4083,1503,5004,504,31822,0,8478,23344,0,0,0,2,0,0,2,0,309892,368373,109493,200399,175352,193021,n45,false,0.5129705098511407,0.5217542564532285,0,4100,false,0,0,0.5718414816600195,0.5195569796655163,null
82417,721183,11107,58549,12761,249,10858,34746,23803,5273,7488,216,33,2685,8173,13565,0,8446,15357,1354,3919,1316,6172,42918,678265,11094,31822,2,5586,5508,4083,1503,5004,504,31822,0,8478,23344,0,0,0,2,0,0,2,0,309892,368373,109493,200399,175352,193021,n46,false,0.12592999575221556,0.5737464924266803,0,4100,false,0,0,0.4548321788886257,0.8787689766806486,null
82417,721183,11107,58549,12761,249,10858,34746,23803,5273,7488,216,33,2685,8173,13565,0,8446,15357,1354,3919,1316,6172,42918,678265,11094,31822,2,5586,5508,4083,1503,5004,504,31822,0,8478,23344,0,0,0,2,0,0,2,0,309892,368373,109493,200399,175352,193021,n47,false,0.5101405033534318,0.6467698614541888,0,4100,false,0,0,0.2790971915137339,0.9147152123803776,null
82417,721183,11107,58549,12761,249,10858,34746,23803,5273,7488,216,33,2685,8173,13565,0,8446,15357,1354,3919,1316,6172,42918,678265,11094,31822,2,5586,5508,4083,1503,5004,504,31822,0,8478,23344,0,0,0,2,0,0,2,0,309892,368373,109493,200399,175352,193021,n49,false,0.2338908709295855,0.7182334817296608,0,4100,false,0,0,0.3207904885745507,0.863332926291588,null
82417,721183,11107,58549,12761,249,10858,34746,23803,5273,7488,216,33,2685,8173,13565,0,8446,15357,1354,3919,1316,6172,42918,678265,11094,31822,2,5586,5508,4083,1503,5004,504,31822,0,8478,23344,0,0,0,2,0,0,2,0,309892,368373,109493,200399,175352,193021,n51,false,0.14724615795842724,0.9004304758613412,0,3097,false,500,2,0.6206798048686,0.9598607358584166,null
82417,721183,11107,58549,12761,249,10858,34746,23803,5273,7488,216,33,2685,8173,13565,0,8446,15357,1354,3919,1316,6172,42918,678265,11094,31822,2,5586,5508,4083,1503,5004,504,31822,0,8478,23344,0,0,0,2,0,0,2,0,309892,368373,109493,200399,175352,193021,n52,false,0.6556565851870301,0.9219078914931441,0,4100,false,0,0,0.8720173555187944,0.708859716393244,null
82417,721183,11107,58549,12761,249,10858,34746,23803,5273,7488,216,33,2685,8173,13565,0,8446,15357,1354,3919,1316,6172,42918,678265,11094,31822,2,5586,5508,4083,1503,5004,504,31822,0,8478,23344,0,0,0,2,0,0,2,0,309892,368373,109493,200399,175352,193021,n58,true,0.08288070538182779,0.8370395112446256,12,4100,false,0,0,0.699463614448839,0.7601824542617892,null
82417,721183,11107,58549,12761,249,10858,34746,23803,5273,7488,216,33,2685,8173,13565,0,8446,15357,1354,3919,1316,6172,42918,678265,11094,31822,2,5586,5508,4083,1503,5004,504,31822,0,8478,23344,0,0,0,2,0,0,2,0,309892,368373,109493,200399,175352,193021,n59,false,0.3410984167935914,0.6185075822701207,0,4099,false,500,1,0.5919149350998865,0.7381795607166244,null
82417,721183,11107,58549,12761,249,10858,34746,23803,5273,7488,216,33,2685,8173,13565,0,8446,15357,1354,3919,1316,6172,42918,678265,11094,31822,2,5586,5508,4083,1503,5004,504,31822,0,8478,23344,0,0,0,2,0,0,2,0,309892,368373,109493,200399,175352,193021,n64,false,0.013324436265582395,0.8627838671146082,0,4100,false,500,0,0.2614899722221703,0.5418666380998519,null
82417,721183,11107,58549,12761,249,10858,34746,23803,5273,7488,216,33,2685,8173,13565,0,8446,15357,1354,3919,1316,6172,42918,678265,11094,31822,2,5586,5508,4083,1503,5004,504,31822,0,8478,23344,0,0,0,2,0,0,2,0,309892,368373,109493,200399,175352,193021,n67,false,0.1361782890059268,0.7525473943077142,0,4100,false,500,0,0.021360505115272044,0.7511076302345607,null
82417,721183,11107,58549,12761,249,10858,34746,23803,5273,7488,216,33,2685,8173,13565,0,8446,15357,1354,3919,1316,6172,42918,678265,11094,31822,2,5586,5508,4083,1503,5004,504,31822,0,8478,23344,0,0,0,2,0,0,2,0,309892,368373,109493,200399,175352,193021,n68,false,0.6466439088288642,0.6056263970466423,0,4100,false,0,0,0.8131209013927272,0.9862876073582021,null
82417,721183,11107,58549,12761,249,10858,34746,23803,5273,7488,216,33,2685,8173,13565,0,8446,15357,1354,3919,1316,6172,42918,678265,11094,31822,2,5586,5508,4083,1503,5004,504,31822,0,8478,23344,0,0,0,2,0,0,2,0,309892,368373,109493,200399,175352,193021,n69,false,0.6819799206955725,0.7819191357609885,0,3554,false,500,2,0.4257922805828066,0.6335859706586742,null
82417,721183,11107,58549,12761,249,10858,34746,23803,5273,7488,216,33,2685,8173,13565,0,8446,15357,1354,3919,1316,6172,42918,678265,11094,31822,2,5586,5508,4083,1503,5004,504,31822,0,8478,23344,0,0,0,2,0,0,2,0,309892,368373,109493,200399,175352,193021,n71,false,0.08184694443184531,0.6019920881467663,0,2449,false,501,4,0.6485719021125951,0.8363772244808029,null
82417,721183,11107,58549,12761,249,10858,34746,23803,5273,7488,216,33,2685,8173,13565,0,8446,15357,1354,3919,1316,6172,42918,678265,11094,31822,2,5586,5508,4083,1503,5004,504,31822,0,8478,23344,0,0,0,2,0,0,2,0,309892,368373,109493,200399,175352,193021,n72,false,0.5476098290819545,0.4016578214052143,0,4100,false,0,0,0.4045720711987209,0.8469634725853292,null
82417,721183,11107,58549,12761,249,10858,34746,23803,5273,7488,216,33,2685,8173,13565,0,8446,15357,1354,3919,1316,6172,42918,678265,11094,31822,2,5586,5508,4083,1503,5004,504,31822,0,8478,23344,0,0,0,2,0,0,2,0,309892,368373,109493,200399,175352,193021,n74,false,0.7067836719401126,0.7165103715753426,0,4100,false,0,0,0.8197373010256191,0.6788876601211308,null
82417,721183,11107,58549,12761,249,10858,34746,23803,5273,7488,216,33,2685,8173,13565,0,8446,15357,1354,3919,1316,6172,42918,678265,11094,31822,2,5586,5508,4083,1503,5004,504,31822,0,8478,23344,0,0,0,2,0,0,2,0,309892,368373,109493,200399,175352,193021,n78,false,0.12269075625009844,0.478712513319442,0,4098,false,500,1,0.2258361918839898,0.7734101928362666,null
82417,721183,11107,58549,12761,249,10858,34746,23803,5273,7488,216,33,2685,8173,13565,0,8446,15357,1354,3919,1316,6172,42918,678265,11094,31822,2,5586,5508,4083,1503,5004,504,31822,0,8478,23344,0,0,0,2,0,0,2,0,309892,368373,109493,200399,175352,193021,n79,false,0.624757827625208,0.6004096181639694,0,4100,false,0,0,0.6880535316605382,0.665956948103032,null
82417,721183,11107,58549,12761,249,10858,34746,23803,5273,7488,216,33,2685,8173,13565,0,8446,15357,1354,3919,1316,6172,42918,678265,11094,31822,2,5586,5508,4083,1503,5004,504,31822,0,8478,23344,0,0,0,2,0,0,2,0,309892,368373,109493,200399,175352,193021,n81,false,0.7542952469182711,0.7321933938818199,0,4100,false,0,0,0.5630282546801822,0.6280536178651954,null
82417,721183,11107,58549,12761,249,10858,34746,23803,5273,7488,216,33,2685,8173,13565,0,8446,15357,1354,3919,1316,6172,42918,678265,11094,31822,2,5586,5508,4083,1503,5004,504,31822,0,8478,23344,0,0,0,2,0,0,2,0,309892,368373,109493,200399,175352,193021,n82,true,0.8687313416794308,0.8239474237372855,15,3693,false,0,1,0.6889322255465605,0.4020031721611733,null
82417,721183,11107,58549,12761,249,10858,34746,23803,5273,7488,216,33,2685,8173,13565,0,8446,15357,1354,3919,1316,6172,42918,678265,11094,31822,2,5586,5508,4083,1503,5004,504,31822,0,8478,23344,0,0,0,2,0,0,2,0,309892,368373,109493,200399,175352,193021,n83,false,0.7745347467228796,0.8274306941219414,0,3597,false,500,1,0.4908958719341064,0.868974993855191,null
82417,721183,11107,58549,12761,249,10858,34746,23803,5273,7488,216,33,2685,8173,13565,0,8446,15357,1354,3919,1316,6172,42918,678265,11094,31822,2,5586,5508,4083,1503,5004,504,31822,0,8478,23344,0,0,0,2,0,0,2,0,309892,368373,109493,200399,175352,193021,n85,true,0.5449660334960561,0.8494161868308792,12,2387,false,500,1,0.6238893474039446,0.9154262457538457,null
82417,721183,11107,58549,12761,249,10858,34746,23803,5273,7488,216,33,2685,8173,13565,0,8446,15357,1354,3919,1316,6172,42918,678265,11094,31822,2,5586,5508,4083,1503,5004,504,31822,0,8478,23344,0,0,0,2,0,0,2,0,309892,368373,109493,200399,175352,193021,n90,false,0.4265352722477199,0.7502804335674818,0,4100,false,0,0,0.4070440752599414,0.5711136415716164,null
82417,721183,11107,58549,12761,249,10858,34746,23803,5273,7488,216,33,2685,8173,13565,0,8446,15357,1354,3919,1316,6172,42918,678265,11094,31822,2,5586,5508,4083,1503,5004,504,31822,0,8478,23344,0,0,0,2,0,0,2,0,309892,368373,109493,200399,175352,193021,n93,true,0.4839909705366099,0.8819623536357968,1,4100,false,0,0,0.4505259966868007,0.3229522084554141,null
82417,721183,11107,58549,12761,249,10858,34746,23803,5273,7488,216,33,2685,8173,13565,0,8446,15357,1354,3919,1316,6172,42918,678265,11094,31822,2,5586,5508,4083,1503,5004,504,31822,0,8478,23344,0,0,0,2,0,0,2,0,309892,368373,109493,200399,175352,193021,n97,false,0.37806295067401197,0.8468264141597353,0,778,false,501,3,0.6719920068839608,0.12407681276434118,null
82417,721183,11107,58549,12761,249,10858,34746,23803,5273,7488,216,33,2685,8173,13565,0,8446,15357,1354,3919,1316,6172,42918,678265,11094,31822,2,5586,5508,4083,1503,5004,504,31822,0,8478,23344,0,0,0,2,0,0,2,0,309892,368373,109493,200399,175352,193021,n98,false,0.6024842897623093,0.7892489926504942,0,4100,false,500,0,0.8036535307374775,0.4898919017265134,null
82417,721183,11107,58549,12761,249,10858,34746,23803,5273,7488,216,33,2685,8173,13565,0,8446,15357,1354,3919,1316,6172,42918,678265,11094,31822,2,5586,5508,4083,1503,5004,504,31822,0,8478,23344,0,0,0,2,0,0,2,0,309892,368373,109493,200399,175352,193021,n99,false,0.20699901814794402,0.784486263677895,0,4100,false,500,0,0.2979643236552203,0.2466145981396456,null
82417,721183,11107,58549,12761,249,10858,34746,23803,5273,7488,216,33,2685,8173,13565,0,8446,15357,1354,3919,1316,6172,42918,678265,11094,31822,2,5586,5508,4083,1503,5004,504,31822,0,8478,23344,0,0,0,2,0,0,2,0,309892,368373,109493,200399,175352,193021,n101,false,0.538064438321886,0.8403535645869011,0,1278,false,501,5,0.5713281795027747,0.4819985926331248,null
82417,721183,11107,58549,12761,249,10858,34746,23803,5273,7488,216,33,2685,8173,13565,0,8446,15357,1354,3919,1316,6172,42918,678265,11094,31822,2,5586,5508,4083,1503,5004,504,31822,0,8478,23344,0,0,0,2,0,0,2,0,309892,368373,109493,200399,175352,193021,n104,true,0.19644659439070233,0.5570383213103326,13,1269,false,1,3,0.8082102153706929,0.7304395123141707,null
82417,721183,11107,58549,12761,249,10858,34746,23803,5273,7488,216,33,2685,8173,13565,0,8446,15357,1354,3919,1316,6172,42918,678265,11094,31822,2,5586,5508,4083,1503,5004,504,31822,0,8478,23344,0,0,0,2,0,0,2,0,309892,368373,109493,200399,175352,193021,n106,false,0.23393174196483835,0.7207330921892959,0,4100,false,0,0,0.705003003418724,0.21054606519202523,null
82417,721183,11107,58549,12761,249,10858,34746,23803,5273,7488,216,33,2685,8173,13565,0,8446,15357,1354,3919,1316,6172,42918,678265,11094,31822,2,5586,5508,4083,1503,5004,504,31822,0,8478,23344,0,0,0,2,0,0,2,0,309892,368373,109493,200399,175352,193021,n108,false,0.8421496851440313,0.6064492377102099,0,1008,false,500,1,0.5514673522817798,0.57545959427789,null
82417,721183,11107,58549,12761,249,10858,34746,23803,5273,7488,216,33,2685,8173,13565,0,8446,15357,1354,3919,1316,6172,42918,678265,11094,31822,2,5586,5508,4083,1503,5004,504,31822,0,8478,23344,0,0,0,2,0,0,2,0,309892,368373,109493,200399,175352,193021,n109,false,0.8643818066848266,0.2402020479086055,0,279,true,279,2,0.6475046204579276,0.979370823659142,null
82417,721183,11107,58549,12761,249,10858,34746,23803,5273,7488,216,33,2685,8173,13565,0,8446,15357,1354,3919,1316,6172,42918,678265,11094,31822,2,5586,5508,4083,1503,5004,504,31822,0,8478,23344,0,0,0,2,0,0,2,0,309892,368373,109493,200399,175352,193021,n110,false,0.8217998196819697,0.9039722062269651,0,1046,false,501,4,0.07690915151162742,0.7440791260259967,null
82417,721183,11107,58549,12761,249,10858,34746,23803,5273,7488,216,33,2685,8173,13565,0,8446,15357,1354,3919,1316,6172,42918,678265,11094,31822,2,5586,5508,4083,1503,5004,504,31822,0,8478,23344,0,0,0,2,0,0,2,0,309892,368373,109493,200399,175352,193021,n112,false,0.09348098098306433,0.40834798267359884,0,2294,false,500,2,0.395647616894663,0.5891533792028143,null
82417,721183,11107,58549,12761,249,10858,34746,23803,5273,7488,216,33,2685,8173,13565,0,8446,15357,1354,3919,1316,6172,42918,678265,11094,31822,2,5586,5508,4083,1503,5004,504,31822,0,8478,23344,0,0,0,2,0,0,2,0,309892,368373,109493,200399,175352,193021,n113,false,0.7895504821825278,0.691971859770808,0,4100,false,0,0,0.4929503034386753,0.6472497122110819,null
82417,721183,11107,58549,12761,249,10858,34746,23803,5273,7488,216,33,2685,8173,13565,0,8446,15357,1354,3919,1316,6172,42918,678265,11094,31822,2,5586,5508,4083,1503,5004,504,31822,0,8478,23344,0,0,0,2,0,0,2,0,309892,368373,109493,200399,175352,193021,n114,false,0.23649561587741633,0.5933455374211352,0,3097,false,500,1,0.5688326549002459,0.2756575275402212,null
82417,721183,11107,58549,12761,249,10858,34746,23803,5273,7488,216,33,2685,8173,13565,0,8446,15357,1354,3919,1316,6172,42918,678265,11094,31822,2,5586,5508,4083,1503,5004,504,31822,0,8478,23344,0,0,0,2,0,0,2,0,309892,368373,109493,200399,175352,193021,n115,false,0.5065837346574119,0.3888643439595747,0,4100,false,0,0,0.8846642058732026,0.5237067581714819,null
82417,721183,11107,58549,12761,249,10858,34746,23803,5273,7488,216,33,2685,8173,13565,0,8446,15357,1354,3919,1316,6172,42918,678265,11094,31822,2,5586,5508,4083,1503,5004,504,31822,0,8478,23344,0,0,0,2,0,0,2,0,309892,368373,109493,200399,175352,193021,n117,false,0.5968904072846613,0.7167310756316366,0,4100,false,500,0,0.863532584356759,0.768552444625526,null
82417,721183,11107,58549,12761,249,10858,34746,23803,5273,7488,216,33,2685,8173,13565,0,8446,15357,1354,3919,1316,6172,42918,678265,11094,31822,2,5586,5508,4083,1503,5004,504,31822,0,8478,23344,0,0,0,2,0,0,2,0,309892,368373,109493,200399,175352,193021,n121,false,0.9403584559981366,0.6036293520550661,0,1813,false,500,2,0.1497983521568953,0.7592657863730822,null
82417,721183,11107,58549,12761,249,10858,34746,23803,5273,7488,216,33,2685,8173,13565,0,8446,15357,1354,3919,1316,6172,42918,678265,11094,31822,2,5586,5508,4083,1503,5004,504,31822,0,8478,23344,0,0,0,2,0,0,2,0,309892,368373,109493,200399,175352,193021,n124,false,0.25195247008710236,0.6338508720290849,0,3256,false,501,2,0.39767122810870925,0.9101305824456051,null
82417,721183,11107,58549,12761,249,10858,34746,23803,5273,7488,216,33,2685,8173,13565,0,8446,15357,1354,3919,1316,6172,42918,678265,11094,31822,2,5586,5508,4083,1503,5004,504,31822,0,8478,23344,0,0,0,2,0,0,2,0,309892,368373,109493,200399,175352,193021,n127,false,0.28981337656754896,0.9334767532152317,0,4100,false,0,0,0.598427768080452,0.8086141808077997,null
82417,721183,11107,58549,12761,249,10858,34746,23803,5273,7488,216,33,2685,8173,13565,0,8446,15357,1354,3919,1316,6172,42918,678265,11094,31822,2,5586,5508,4083,1503,5004,504,31822,0,8478,23344,0,0,0,2,0,0,2,0,309892,368373,109493,200399,175352,193021,n130,false,0.9895374881413869,0.7382616363824968,0,4100,false,0,0,0.7959584898293577,0.5458505287557109,null
82417,721183,11107,58549,12761,249,10858,34746,23803,5273,7488,216,33,2685,8173,13565,0,8446,15357,1354,3919,1316,6172,42918,678265,11094,31822,2,5586,5508,4083,1503,5004,504,31822,0,8478,23344,0,0,0,2,0,0,2,0,309892,368373,109493,200399,175352,193021,n136,false,0.12823251432385188,0.5939075681502801,0,920,false,500,2,0.3344253746917968,0.4609477386316378,null
82417,721183,11107,58549,12761,249,10858,34746,23803,5273,7488,216,33,2685,8173,13565,0,8446,15357,1354,3919,1316,6172,42918,678265,11094,31822,2,5586,5508,4083,1503,5004,504,31822,0,8478,23344,0,0,0,2,0,0,2,0,309892,368373,109493,200399,175352,193021,n137,false,0.7032028015731917,0.7246796747413721,0,4099,false,500,1,0.7787183713553759,0.7778141439083079,null
82417,721183,11107,58549,12761,249,10858,34746,23803,5273,7488,216,33,2685,8173,13565,0,8446,15357,1354,3919,1316,6172,42918,678265,11094,31822,2,5586,5508,4083,1503,5004,504,31822,0,8478,23344,0,0,0,2,0,0,2,0,309892,368373,109493,200399,175352,193021,n139,false,0.7897063543904551,0.7335778942691583,0,2652,false,500,1,0.5661933212431788,0.8512187503031523,null
82417,721183,11107,58549,12761,249,10858,34746,23803,5273,7488,216,33,2685,8173,13565,0,8446,15357,1354,3919,1316,6172,42918,678265,11094,31822,2,5586,5508,4083,1503,5004,504,31822,0,8478,23344,0,0,0,2,0,0,2,0,309892,368373,109493,200399,175352,193021,n141,false,0.38868753159078323,0.6781016754125846,0,4100,false,0,0,0.43196456512351344,0.8608105690972766,null
82417,721183,11107,58549,12761,249,10858,34746,23803,5273,7488,216,33,2685,8173,13565,0,8446,15357,1354,3919,1316,6172,42918,678265,11094,31822,2,5586,5508,4083,1503,5004,504,31822,0,8478,23344,0,0,0,2,0,0,2,0,309892,368373,109493,200399,175352,193021,n148,false,0.49529675157995273,0.6152142051220261,0,1199,false,500,2,0.9651445960508905,0.6299370951628419,null
82417,721183,11107,58549,12761,249,10858,34746,23803,5273,7488,216,33,2685,8173,13565,0,8446,15357,1354,3919,1316,6172,42918,678265,11094,31822,2,5586,5508,4083,1503,5004,504,31822,0,8478,23344,0,0,0,2,0,0,2,0,309892,368373,109493,200399,175352,193021,n150,false,0.15961090353600554,0.7131649234345382,0,4100,false,0,0,0.9404931917302273,0.7035212465165157,null
82417,721183,11107,58549,12761,249,10858,34746,23803,5273,7488,216,33,2685,8173,13565,0,8446,15357,1354,3919,1316,6172,42918,678265,11094,31822,2,5586,5508,4083,1503,5004,504,31822,0,8478,23344,0,0,0,2,0,0,2,0,309892,368373,109493,200399,175352,193021,n151,false,0.3493646326098341,0.868087879135263,0,4100,false,0,0,0.7909549863827744,0.4226321701482397,null
82417,721183,11107,58549,12761,249,10858,34746,23803,5273,7488,216,33,2685,8173,13565,0,8446,15357,1354,3919,1316,6172,42918,678265,11094,31822,2,5586,5508,4083,1503,5004,504,31822,0,8478,23344,0,0,0,2,0,0,2,0,309892,368373,109493,200399,175352,193021,n153,false,0.4655337449238637,0.6336238190059695,0,4100,false,0,0,0.025628627299344453,0.42343227646712445,null
82417,721183,11107,58549,12761,249,10858,34746,23803,5273,7488,216,33,2685,8173,13565,0,8446,15357,1354,3919,1316,6172,42918,678265,11094,31822,2,5586,5508,4083,1503,5004,504,31822,0,8478,23344,0,0,0,2,0,0,2,0,309892,368373,109493,200399,175352,193021,n154,true,0.01873682896574136,0.9706319061825381,6,4100,false,0,0,0.7166176687815751,0.9811283071950951,null
82417,721183,11107,58549,12761,249,10858,34746,23803,5273,7488,216,33,2685,8173,13565,0,8446,15357,1354,3919,1316,6172,42918,678265,11094,31822,2,5586,5508,4083,1503,5004,504,31822,0,8478,23344,0,0,0,2,0,0,2,0,309892,368373,109493,200399,175352,193021,n157,false,0.4684452860564461,0.595932966176092,0,4100,false,0,0,0.7033557246743999,0.7510697078820116,null
82417,721183,11107,58549,12761,249,10858,34746,23803,5273,7488,216,33,2685,8173,13565,0,8446,15357,1354,3919,1316,6172,42918,678265,11094,31822,2,5586,5508,4083,1503,5004,504,31822,0,8478,23344,0,0,0,2,0,0,2,0,309892,368373,109493,200399,175352,193021,n158,false,0.42855137347011507,0.7645508254541954,0,4100,false,0,0,0.7162644704045361,0.8835703650000867,null
82417,721183,11107,58549,12761,249,10858,34746,23803,5273,7488,216,33,2685,8173,13565,0,8446,15357,1354,3919,1316,6172,42918,678265,11094,31822,2,5586,5508,4083,1503,5004,504,31822,0,8478,23344,0,0,0,2,0,0,2,0,309892,368373,109493,200399,175352,193021,n161,false,0.5883698423067443,0.47226567897086125,0,1657,false,500,2,0.1316710752103265,0.9050095587403939,null
82417,721183,11107,58549,12761,249,10858,34746,23803,5273,7488,216,33,2685,8173,13565,0,8446,15357,1354,3919,1316,6172,42918,678265,11094,31822,2,5586,5508,4083,1503,5004,504,31822,0,8478,23344,0,0,0,2,0,0,2,0,309892,368373,109493,200399,175352,193021,n163,false,0.10680128680931678,0.7489135928971173,0,4100,false,0,0,0.2140690776486167,0.15869644037489644,null
82417,721183,11107,58549,12761,249,10858,34746,23803,5273,7488,216,33,2685,8173,13565,0,8446,15357,1354,3919,1316,6172,42918,678265,11094,31822,2,5586,5508,4083,1503,5004,504,31822,0,8478,23344,0,0,0,2,0,0,2,0,309892,368373,109493,200399,175352,193021,n167,false,0.227710254060654,0.7375754386740828,0,1412,false,500,2,0.6192302946389512,0.6238976391553575,null
82417,721183,11107,58549,12761,249,10858,34746,23803,5273,7488,216,33,2685,8173,13565,0,8446,15357,1354,3919,1316,6172,42918,678265,11094,31822,2,5586,5508,4083,1503,5004,504,31822,0,8478,23344,0,0,0,2,0,0,2,0,309892,368373,109493,200399,175352,193021,n168,false,0.951779286252297,0.6088493408210847,0,1621,false,501,4,0.46741760078626593,0.5194599134568705,null
82417,721183,11107,58549,12761,249,10858,34746,23803,5273,7488,216,33,2685,8173,13565,0,8446,15357,1354,3919,1316,6172,42918,678265,11094,31822,2,5586,5508,4083,1503,5004,504,31822,0,8478,23344,0,0,0,2,0,0,2,0,309892,368373,109493,200399,175352,193021,n170,true,0.4967727602591445,0.7177189936837826,14,837,false,0,1,0.8126986984193354,0.9111360767679508,null
82417,721183,11107,58549,12761,249,10858,34746,23803,5273,7488,216,33,2685,8173,13565,0,8446,15357,1354,3919,1316,6172,42918,678265,11094,31822,2,5586,5508,4083,1503,5004,504,31822,0,8478,23344,0,0,0,2,0,0,2,0,309892,368373,109493,200399,175352,193021,n172,false,0.9834776283981035,0.9315584112436645,0,1233,false,500,2,0.261493446183713,0.8071011366034051,null
82417,721183,11107,58549,12761,249,10858,34746,23803,5273,7488,216,33,2685,8173,13565,0,8446,15357,1354,3919,1316,6172,42918,678265,11094,31822,2,5586,5508,4083,1503,5004,504,31822,0,8478,23344,0,0,0,2,0,0,2,0,309892,368373,109493,200399,175352,193021,n174,false,0.14357785461554656,0.5573829530321894,0,4100,false,0,0,0.4349774000994868,0.7954005562218402,null
82417,721183,11107,58549,12761,249,10858,34746,23803,5273,7488,216,33,2685,8173,13565,0,8446,15357,1354,3919,1316,6172,42918,678265,11094,31822,2,5586,5508,4083,1503,5004,504,31822,0,8478,23344,0,0,0,2,0,0,2,0,309892,368373,109493,200399,175352,193021,n176,false,0.7373597696234391,0.7503582318946748,0,4100,false,0,0,0.9957121331025487,0.8117237950892882,null
82417,721183,11107,58549,12761,249,10858,34746,23803,5273,7488,216,33,2685,8173,13565,0,8446,15357,1354,3919,1316,6172,42918,678265,11094,31822,2,5586,5508,4083,1503,5004,504,31822,0,8478,23344,0,0,0,2,0,0,2,0,309892,368373,109493,200399,175352,193021,n178,false,0.6998436062019356,0.540409132455768,0,2795,false,501,3,0.6344599719639775,0.9109360853305051,null
82417,721183,11107,58549,12761,249,10858,34746,23803,5273,7488,216,33,2685,8173,13565,0,8446,15357,1354,3919,1316,6172,42918,678265,11094,31822,2,5586,5508,4083,1503,5004,504,31822,0,8478,23344,0,0,0,2,0,0,2,0,309892,368373,109493,200399,175352,193021,n183,false,0.11197176278339577,0.6997947466643422,0,3849,false,500,3,0.5753104580692182,0.2667815776694297,null
82417,721183,11107,58549,12761,249,10858,34746,23803,5273,7488,216,33,2685,8173,13565,0,8446,15357,1354,3919,1316,6172,42918,678265,11094,31822,2,5586,5508,4083,1503,5004,504,31822,0,8478,23344,0,0,0,2,0,0,2,0,309892,368373,109493,200399,175352,193021,n186,false,0.19033893660688492,0.801810552382351,0,4100,false,500,0,0.6914646955048919,0.8676621105005713,null
82417,721183,11107,58549,12761,249,10858,34746,23803,5273,7488,216,33,2685,8173,13565,0,8446,15357,1354,3919,1316,6172,42918,678265,11094,31822,2,5586,5508,4083,1503,5004,504,31822,0,8478,23344,0,0,0,2,0,0,2,0,309892,368373,109493,200399,175352,193021,n187,true,0.8222694687779921,0.7299725820402092,0,2798,false,0,1,0.9435075854724065,0.996479824120139,null
82417,721183,11107,58549,12761,249,10858,34746,23803,5273,7488,216,33,2685,8173,13565,0,8446,15357,1354,3919,1316,6172,42918,678265,11094,31822,2,5586,5508,4083,1503,5004,504,31822,0,8478,23344,0,0,0,2,0,0,2,0,309892,368373,109493,200399,175352,193021,n192,false,0.08489906616149795,0.795564820313654,0,4100,false,0,0,0.4194008206841798,0.15705770993806306,null
82417,721183,11107,58549,12761,249,10858,34746,23803,5273,7488,216,33,2685,8173,13565,0,8446,15357,1354,3919,1316,6172,42918,678265,11094,31822,2,5586,5508,4083,1503,5004,504,31822,0,8478,23344,0,0,0,2,0,0,2,0,309892,368373,109493,200399,175352,193021,n195,false,0.28253843722374417,0.6506248331743213,0,4099,false,500,1,0.767920293123665,0.661759117331954,null
82417,721183,11107,58549,12761,249,10858,34746,23803,5273,7488,216,33,2685,8173,13565,0,8446,15357,1354,3919,1316,6172,42918,678265,11094,31822,2,5586,5508,4083,1503,5004,504,31822,0,8478,23344,0,0,0,2,0,0,2,0,309892,368373,109493,200399,175352,193021,n197,false,0.2728871173019148,0.7578298016468364,0,1716,false,500,2,0.2952218585253107,0.6123248704876079,null
82417,721183,11107,58549,12761,249,10858,34746,23803,5273,7488,216,33,2685,8173,13565,0,8446,15357,1354,3919,1316,6172,42918,678265,11094,31822,2,5586,5508,4083,1503,5004,504,31822,0,8478,23344,0,0,0,2,0,0,2,0,309892,368373,109493,200399,175352,193021,n198,false,0.01889011482099976,0.4890071300038665,0,4100,false,500,0,0.3478973685911496,0.7669975215468358,null
82417,721183,11107,58549,12761,249,10858,34746,23803,5273,7488,216,33,2685,8173,13565,0,8446,15357,1354,3919,1316,6172,42918,678265,11094,31822,2,5586,5508,4083,1503,5004,504,31822,0,8478,23344,0,0,0,2,0,0,2,0,309892,368373,109493,200399,175352,193021,n200,false,0.6116859818104874,0.6023083280304857,0,4100,false,0,0,0.6279930827862918,0.43390604704034935,null
82417,721183,11107,58549,12761,249,10858,34746,23803,5273,7488,216,33,2685,8173,13565,0,8446,15357,1354,3919,1316,6172,42918,678265,11094,31822,2,5586,5508,4083,1503,5004,504,31822,0,8478,23344,0,0,0,2,0,0,2,0,309892,368373,109493,200399,175352,193021,n202,false,0.4149873659553125,0.7796295084132034,0,4100,false,500,0,0.40464591648254783,0.8071594740462449,null
82417,721183,11107,58549,12761,249,10858,34746,23803,5273,7488,216,33,2685,8173,13565,0,8446,15357,1354,3919,1316,6172,42918,678265,11094,31822,2,5586,5508,4083,1503,5004,504,31822,0,8478,23344,0,0,0,2,0,0,2,0,309892,368373,109493,200399,175352,193021,n205,false,0.5262070806035593,0.571624199551256,0,3649,false,500,1,0.28516408361563944,0.5656072576613492,null
82417,721183,11107,58549,12761,249,10858,34746,23803,5273,7488,216,33,2685,8173,13565,0,8446,15357,1354,3919,1316,6172,42918,678265,11094,31822,2,5586,5508,4083,1503,5004,504,31822,0,8478,23344,0,0,0,2,0,0,2,0,309892,368373,109493,200399,175352,193021,n207,false,0.2750529019473598,0.5943895408776785,0,4100,false,0,0,0.463160793970215,0.34576316662700657,null
82417,721183,11107,58549,12761,249,10858,34746,23803,5273,7488,216,33,2685,8173,13565,0,8446,15357,1354,3919,1316,6172,42918,678265,11094,31822,2,5586,5508,4083,1503,5004,504,31822,0,8478,23344,0,0,0,2,0,0,2,0,309892,368373,109493,200399,175352,193021,n209,false,0.08071189706469861,0.7883799733633858,0,4100,false,0,0,0.18215657338581842,0.7979024316103456,null
82417,721183,11107,58549,12761,249,10858,34746,23803,5273,7488,216,33,2685,8173,13565,0,8446,15357,1354,3919,1316,6172,42918,678265,11094,31822,2,5586,5508,4083,1503,5004,504,31822,0,8478,23344,0,0,0,2,0,0,2,0,309892,368373,109493,200399,175352,193021,n212,false,0.4913228729108535,0.4996179180729481,0,4100,false,0,0,0.4421610701477784,0.45666288107939224,null
82417,721183,11107,58549,12761,249,10858,34746,23803,5273,7488,216,33,2685,8173,13565,0,8446,15357,1354,3919,1316,6172,42918,678265,11094,31822,2,5586,5508,4083,1503,5004,504,31822,0,8478,23344,0,0,0,2,0,0,2,0,309892,368373,109493,200399,175352,193021,n213,false,0.06304570245636591,0.7272096045431524,0,59,true,59,2,0.3167115244812542,0.46801843104195817,null
82417,721183,11107,58549,12761,249,10858,34746,23803,5273,7488,216,33,2685,8173,13565,0,8446,15357,1354,3919,1316,6172,42918,678265,11094,31822,2,5586,5508,4083,1503,5004,504,31822,0,8478,23344,0,0,0,2,0,0,2,0,309892,368373,109493,200399,175352,193021,n214,false,0.59555078431009,0.995327637240273,0,4013,false,500,2,0.5680709202144114,0.5782064854281296,null
82417,721183,11107,58549,12761,249,10858,34746,23803,5273,7488,216,33,2685,8173,13565,0,8446,15357,1354,3919,1316,6172,42918,678265,11094,31822,2,5586,5508,4083,1503,5004,504,31822,0,8478,23344,0,0,0,2,0,0,2,0,309892,368373,109493,200399,175352,193021,n221,false,0.4889955953239089,0.6910428824507778,0,4100,false,0,0,0.47018706790290127,0.7147341521778727,null
82417,721183,11107,58549,12761,249,10858,34746,23803,5273,7488,216,33,2685,8173,13565,0,8446,15357,1354,3919,1316,6172,42918,678265,11094,31822,2,5586,5508,4083,1503,5004,504,31822,0,8478,23344,0,0,0,2,0,0,2,0,309892,368373,109493,200399,175352,193021,n223,false,0.9618283709584815,0.5287369548935528,0,2795,false,500,1,0.4896185430966292,0.8926495491722207,null
82417,721183,11107,58549,12761,249,10858,34746,23803,5273,7488,216,33,2685,8173,13565,0,8446,15357,1354,3919,1316,6172,42918,678265,11094,31822,2,5586,5508,4083,1503,5004,504,31822,0,8478,23344,0,0,0,2,0,0,2,0,309892,368373,109493,200399,175352,193021,n224,false,0.6462578795801898,0.5396115717579084,0,4100,false,0,0,0.2625327684801415,0.5849121614082887,null
82417,721183,11107,58549,12761,249,10858,34746,23803,5273,7488,216,33,2685,8173,13565,0,8446,15357,1354,3919,1316,6172,42918,678265,11094,31822,2,5586,5508,4083,1503,5004,504,31822,0,8478,23344,0,0,0,2,0,0,2,0,309892,368373,109493,200399,175352,193021,n225,false,0.3228330002994148,0.6124868021673884,0,4100,false,0,0,0.22945813495872752,0.9757748446350221,null
82417,721183,11107,58549,12761,249,10858,34746,23803,5273,7488,216,33,2685,8173,13565,0,8446,15357,1354,3919,1316,6172,42918,678265,11094,31822,2,5586,5508,4083,1503,5004,504,31822,0,8478,23344,0,0,0,2,0,0,2,0,309892,368373,109493,200399,175352,193021,n227,false,0.7024481189912913,0.7896774116219453,0,4100,false,500,0,0.5890693253033549,0.627611914809818,null
82417,721183,11107,58549,12761,249,10858,34746,23803,5273,7488,216,33,2685,8173,13565,0,8446,15357,1354,3919,1316,6172,42918,678265,11094,31822,2,5586,5508,4083,1503,5004,504,31822,0,8478,23344,0,0,0,2,0,0,2,0,309892,368373,109493,200399,175352,193021,n231,true,0.8656447687505551,0.9050642525170385,9,1157,false,0,1,0.4529939738000774,0.38190564961263385,null
82417,721183,11107,58549,12761,249,10858,34746,23803,5273,7488,216,33,2685,8173,13565,0,8446,15357,1354,3919,1316,6172,42918,678265,11094,31822,2,5586,5508,4083,1503,5004,504,31822,0,8478,23344,0,0,0,2,0,0,2,0,309892,368373,109493,200399,175352,193021,n232,false,0.587299377716872,0.5435993214132495,0,4100,false,0,0,0.4021808997619318,0.5073988640904806,null
82417,721183,11107,58549,12761,249,10858,34746,23803,5273,7488,216,33,2685,8173,13565,0,8446,15357,1354,3919,1316,6172,42918,678265,11094,31822,2,5586,5508,4083,1503,5004,504,31822,0,8478,23344,0,0,0,2,0,0,2,0,309892,368373,109493,200399,175352,193021,n236,true,0.42114857124950844,0.38396579246806417,13,4100,false,0,0,0.06806374590669867,0.3602979664907451,null
82417,721183,11107,58549,12761,249,10858,34746,23803,5273,7488,216,33,2685,8173,13565,0,8446,15357,1354,3919,1316,6172,42918,678265,11094,31822,2,5586,5508,4083,1503,5004,504,31822,0,8478,23344,0,0,0,2,0,0,2,0,309892,368373,109493,200399,175352,193021,n240,false,0.919911250405495,0.8526409944401955,0,4100,false,500,0,0.36281939132043617,0.6030613056562107,null
82417,721183,11107,58549,12761,249,10858,34746,23803,5273,7488,216,33,2685,8173,13565,0,8446,15357,1354,3919,1316,6172,42918,678265,11094,31822,2,5586,5508,4083,1503,5004,504,31822,0,8478,23344,0,0,0,2,0,0,2,0,309892,368373,109493,200399,175352,193021,n242,false,0.5798655431009754,0.6361630201016543,0,4100,false,500,0,0.4769598650307638,0.2523504264099077,null
82417,721183,11107,58549,12761,249,10858,34746,23803,5273,7488,216,33,2685,8173,13565,0,8446,15357,1354,3919,1316,6172,42918,678265,11094,31822,2,5586,5508,4083,1503,5004,504,31822,0,8478,23344,0,0,0,2,0,0,2,0,309892,368373,109493,200399,175352,193021,n244,false,0.44175381391922197,0.5962337191377807,0,4100,false,500,0,0.5391706996690498,0.6957862544178423,null
82417,721183,11107,58549,12761,249,10858,34746,23803,5273,7488,216,33,2685,8173,13565,0,8446,15357,1354,3919,1316,6172,42918,678265,11094,31822,2,5586,5508,4083,1503,5004,504,31822,0,8478,23344,0,0,0,2,0,0,2,0,309892,368373,109493,200399,175352,193021,n246,false,0.9942992180607066,0.5308132096526339,0,4099,false,500,1,0.3450737915319737,0.5408514262115841,null
82417,721183,11107,58549,12761,249,10858,34746,23803,5273,7488,216,33,2685,8173,13565,0,8446,15357,1354,3919,1316,6172,42918,678265,11094,31822,2,5586,5508,4083,1503,5004,504,31822,0,8478,23344,0,0,0,2,0,0,2,0,309892,368373,109493,200399,175352,193021,n247,false,0.5670274320569921,0.6576163730516773,0,4100,false,0,0,0.965025036416464,0.6938812195351587,null
82417,721183,11107,58549,12761,249,10858,34746,23803,5273,7488,216,33,2685,8173,13565,0,8446,15357,1354,3919,1316,6172,42918,678265,11094,31822,2,5586,5508,4083,1503,5004,504,31822,0,8478,23344,0,0,0,2,0,0,2,0,309892,368373,109493,200399,175352,193021,n250,false,0.18184679605295798,0.6634008959898412,0,4100,false,0,0,0.1587482167829723,0.3395673089837816,null
82417,721183,11107,58549,12761,249,10858,34746,23803,5273,7488,216,33,2685,8173,13565,0,8446,15357,1354,3919,1316,6172,42918,678265,11094,31822,2,5586,5508,4083,1503,5004,504,31822,0,8478,23344,0,0,0,2,0,0,2,0,309892,368373,109493,200399,175352,193021,n254,false,0.3331606693279739,0.5794189470826695,0,4100,false,0,0,0.5655834234255578,0.3783375348860447,null
82417,721183,11107,58549,12761,249,10858,34746,23803,5273,7488,216,33,2685,8173,13565,0,8446,15357,1354,3919,1316,6172,42918,678265,11094,31822,2,5586,5508,4083,1503,5004,504,31822,0,8478,23344,0,0,0,2,0,0,2,0,309892,368373,109493,200399,175352,193021,n255,false,0.10777843993978045,0.5301155513921446,0,4100,false,0,0,0.7011034624275012,0.7848850197915525,null
82417,721183,11107,58549,12761,249,10858,34746,23803,5273,7488,216,33,2685,8173,13565,0,8446,15357,1354,3919,1316,6172,42918,678265,11094,31822,2,5586,5508,4083,1503,5004,504,31822,0,8478,23344,0,0,0,2,0,0,2,0,309892,368373,109493,200399,175352,193021,n256,false,0.045075320346334526,0.4161437474214315,0,253,true,253,2,0.727854367258614,0.788088845537155,null
82417,721183,11107,58549,12761,249,10858,34746,23803,5273,7488,216,33,2685,8173,13565,0,8446,15357,1354,3919,1316,6172,42918,678265,11094,31822,2,5586,5508,4083,1503,5004,504,31822,0,8478,23344,0,0,0,2,0,0,2,0,309892,368373,109493,200399,175352,193021,n261,false,0.26574006811710976,0.698104548986913,0,4100,false,0,0,0.945734526325325,0.14614461731947392,null
82417,721183,11107,58549,12761,249,10858,34746,23803,5273,7488,216,33,2685,8173,13565,0,8446,15357,1354,3919,1316,6172,42918,678265,11094,31822,2,5586,5508,4083,1503,5004,504,31822,0,8478,23344,0,0,0,2,0,0,2,0,309892,368373,109493,200399,175352,193021,n266,false,0.7174570023924081,0.959338157481257,0,3964,false,500,1,0.9045230536450523,0.6649659142847693,null
82417,721183,11107,58549,12761,249,10858,34746,23803,5273,7488,216,33,2685,8173,13565,0,8446,15357,1354,3919,1316,6172,42918,678265,11094,31822,2,5586,5508,4083,1503,5004,504,31822,0,8478,23344,0,0,0,2,0,0,2,0,309892,368373,109493,200399,175352,193021,n267,false,0.2058870048976821,0.5922577640676502,0,4100,false,0,0,0.6315056619344931,0.2858134242182867,null
82417,721183,11107,58549,12761,249,10858,34746,23803,5273,7488,216,33,2685,8173,13565,0,8446,15357,1354,3919,1316,6172,42918,678265,11094,31822,2,5586,5508,4083,1503,5004,504,31822,0,8478,23344,0,0,0,2,0,0,2,0,309892,368373,109493,200399,175352,193021,n273,false,0.4294244054719262,0.8826869090512035,0,1021,false,500,2,0.34419848249222684,0.7925193632313947,null
82417,721183,11107,58549,12761,249,10858,34746,23803,5273,7488,216,33,2685,8173,13565,0,8446,15357,1354,3919,1316,6172,42918,678265,11094,31822,2,5586,5508,4083,1503,5004,504,31822,0,8478,23344,0,0,0,2,0,0,2,0,309892,368373,109493,200399,175352,193021,n274,false,0.50494954853186,0.7685404778219884,0,4100,false,0,0,0.2156739952399951,0.7055876013285065,null
82417,721183,11107,58549,12761,249,10858,34746,23803,5273,7488,216,33,2685,8173,13565,0,8446,15357,1354,3919,1316,6172,42918,678265,11094,31822,2,5586,5508,4083,1503,5004,504,31822,0,8478,23344,0,0,0,2,0,0,2,0,309892,368373,109493,200399,175352,193021,n275,false,0.5861174280328418,0.562392135157726,0,4099,false,500,1,0.13277611537062017,0.9628014497612124,null
82417,721183,11107,58549,12761,249,10858,34746,23803,5273,7488,216,33,2685,8173,13565,0,8446,15357,1354,3919,1316,6172,42918,678265,11094,31822,2,5586,5508,4083,1503,5004,504,31822,0,8478,23344,0,0,0,2,0,0,2,0,309892,368373,109493,200399,175352,193021,n276,false,0.3941529932429265,0.8338031149395346,0,4099,false,500,1,0.7413042541696848,0.4658740743927722,null
82417,721183,11107,58549,12761,249,10858,34746,23803,5273,7488,216,33,2685,8173,13565,0,8446,15357,1354,3919,1316,6172,42918,678265,11094,31822,2,5586,5508,4083,1503,5004,504,31822,0,8478,23344,0,0,0,2,0,0,2,0,309892,368373,109493,200399,175352,193021,n278,false,0.06513670220075791,0.48588110173202276,0,4098,false,500,1,0.4494597952686611,0.19242134630556185,null
82417,721183,11107,58549,12761,249,10858,34746,23803,5273,7488,216,33,2685,8173,13565,0,8446,15357,1354,3919,1316,6172,42918,678265,11094,31822,2,5586,5508,4083,1503,5004,504,31822,0,8478,23344,0,0,0,2,0,0,2,0,309892,368373,109493,200399,175352,193021,n279,false,0.8784028823355924,0.7688647347118855,0,4100,false,0,0,0.183842715616215,0.4102871748950908,null
82417,721183,11107,58549,12761,249,10858,34746,23803,5273,7488,216,33,2685,8173,13565,0,8446,15357,1354,3919,1316,6172,42918,678265,11094,31822,2,5586,5508,4083,1503,5004,504,31822,0,8478,23344,0,0,0,2,0,0,2,0,309892,368373,109493,200399,175352,193021,n283,false,0.46345762114503075,0.450726580891438,0,3597,false,500,2,0.780456243568221,0.7846781651017639,null
82417,721183,11107,58549,12761,249,10858,34746,23803,5273,7488,216,33,2685,8173,13565,0,8446,15357,1354,3919,1316,6172,42918,678265,11094,31822,2,5586,5508,4083,1503,5004,504,31822,0,8478,23344,0,0,0,2,0,0,2,0,309892,368373,109493,200399,175352,193021,n287,false,0.6533227198889306,0.5331199352011853,0,282,false,501,3,0.5588548837466345,0.6053854003899061,null
82417,721183,11107,58549,12761,249,10858,34746,23803,5273,7488,216,33,2685,8173,13565,0,8446,15357,1354,3919,1316,6172,42918,678265,11094,31822,2,5586,5508,4083,1503,5004,504,31822,0,8478,23344,0,0,0,2,0,0,2,0,309892,368373,109493,200399,175352,193021,n289,false,0.19004518170506898,0.846114532927343,0,4100,false,0,0,0.39408663982984365,0.269046345004881,null
82417,721183,11107,58549,12761,249,10858,34746,23803,5273,7488,216,33,2685,8173,13565,0,8446,15357,1354,3919,1316,6172,42918,678265,11094,31822,2,5586,5508,4083,1503,5004,504,31822,0,8478,23344,0,0,0,2,0,0,2,0,309892,368373,109493,200399,175352,193021,n290,false,0.22357052631208843,0.5655229474433465,0,4100,false,500,0,0.09066755739106247,0.9616216583436319,null
82417,721183,11107,58549,12761,249,10858,34746,23803,5273,7488,216,33,2685,8173,13565,0,8446,15357,1354,3919,1316,6172,42918,678265,11094,31822,2,5586,5508,4083,1503,5004,504,31822,0,8478,23344,0,0,0,2,0,0,2,0,309892,368373,109493,200399,175352,193021,n291,false,0.07687919010517573,0.8319703408322697,0,4100,false,0,0,0.5206758150249008,0.39327544936389913,null
82417,721183,11107,58549,12761,249,10858,34746,23803,5273,7488,216,33,2685,8173,13565,0,8446,15357,1354,3919,1316,6172,42918,678265,11094,31822,2,5586,5508,4083,1503,5004,504,31822,0,8478,23344,0,0,0,2,0,0,2,0,309892,368373,109493,200399,175352,193021,n295,false,0.9176338726239677,0.6454183031847034,0,4100,false,0,0,0.23294950864550046,0.561385513110991,null
82417,721183,11107,58549,12761,249,10858,34746,23803,5273,7488,216,33,2685,8173,13565,0,8446,15357,1354,3919,1316,6172,42918,678265,11094,31822,2,5586,5508,4083,1503,5004,504,31822,0,8478,23344,0,0,0,2,0,0,2,0,309892,368373,109493,200399,175352,193021,n296,false,0.019146040525304463,0.5924580040128327,0,4100,false,0,0,0.7820749513680019,0.5162290791393496,null
82417,721183,11107,58549,12761,249,10858,34746,23803,5273,7488,216,33,2685,8173,13565,0,8446,15357,1354,3919,1316,6172,42918,678265,11094,31822,2,5586,5508,4083,1503,5004,504,31822,0,8478,23344,0,0,0,2,0,0,2,0,309892,368373,109493,200399,175352,193021,n297,true,0.9953018704890491,0.5298737025377699,9,1393,false,0,1,0.03676210114308193,0.8747297387271331,null
82417,721183,11107,58549,12761,249,10858,34746,23803,5273,7488,216,33,2685,8173,13565,0,8446,15357,1354,3919,1316,6172,42918,678265,11094,31822,2,5586,5508,4083,1503,5004,504,31822,0,8478,23344,0,0,0,2,0,0,2,0,309892,368373,109493,200399,175352,193021,n298,false,0.08032028435699903,0.752014927638804,0,4100,false,0,0,0.3703565208530286,0.865860628078848,null
82417,721183,11107,58549,12761,249,10858,34746,23803,5273,7488,216,33,2685,8173,13565,0,8446,15357,1354,3919,1316,6172,42918,678265,11094,31822,2,5586,5508,4083,1503,5004,504,31822,0,8478,23344,0,0,0,2,0,0,2,0,309892,368373,109493,200399,175352,193021,n303,false,0.9812866279291254,0.6516628179752664,0,4100,false,0,0,0.4407637917839315,0.9294349803125972,null
82417,721183,11107,58549,12761,249,10858,34746,23803,5273,7488,216,33,2685,8173,13565,0,8446,15357,1354,3919,1316,6172,42918,678265,11094,31822,2,5586,5508,4083,1503,5004,504,31822,0,8478,23344,0,0,0,2,0,0,2,0,309892,368373,109493,200399,175352,193021,n307,false,0.6178204860312666,0.3932790360621328,0,4100,false,0,0,0.739234984614906,0.6609815375068789,null
82417,721183,11107,58549,12761,249,10858,34746,23803,5273,7488,216,33,2685,8173,13565,0,8446,15357,1354,3919,1316,6172,42918,678265,11094,31822,2,5586,5508,4083,1503,5004,504,31822,0,8478,23344,0,0,0,2,0,0,2,0,309892,368373,109493,200399,175352,193021,n311,false,0.4478924315194496,0.9133639639773894,0,4100,false,500,0,0.7002130698787379,0.7397362978758772,null
82417,721183,11107,58549,12761,249,10858,34746,23803,5273,7488,216,33,2685,8173,13565,0,8446,15357,1354,3919,1316,6172,42918,678265,11094,31822,2,5586,5508,4083,1503,5004,504,31822,0,8478,23344,0,0,0,2,0,0,2,0,309892,368373,109493,200399,175352,193021,n312,false,0.06404430410464806,0.678390923781159,0,4100,false,0,0,0.657358225520886,0.5773371047649191,null
82417,721183,11107,58549,12761,249,10858,34746,23803,5273,7488,216,33,2685,8173,13565,0,8446,15357,1354,3919,1316,6172,42918,678265,11094,31822,2,5586,5508,4083,1503,5004,504,31822,0,8478,23344,0,0,0,2,0,0,2,0,309892,368373,109493,200399,175352,193021,n315,false,0.15106929555577808,0.9456063978248889,0,4099,false,500,1,0.12302848716406595,0.653271628349095,null
82417,721183,11107,58549,12761,249,10858,34746,23803,5273,7488,216,33,2685,8173,13565,0,8446,15357,1354,3919,1316,6172,42918,678265,11094,31822,2,5586,5508,4083,1503,5004,504,31822,0,8478,23344,0,0,0,2,0,0,2,0,309892,368373,109493,200399,175352,193021,n319,false,0.38875730011489157,0.7083825610144212,0,4100,false,0,0,0.39115814077571165,0.8581224301094004,null
82417,721183,11107,58549,12761,249,10858,34746,23803,5273,7488,216,33,2685,8173,13565,0,8446,15357,1354,3919,1316,6172,42918,678265,11094,31822,2,5586,5508,4083,1503,5004,504,31822,0,8478,23344,0,0,0,2,0,0,2,0,309892,368373,109493,200399,175352,193021,n322,true,0.17905534106225213,0.8990299340568311,12,832,false,0,1,0.008806342633513653,0.7737546257680542,null
82417,721183,11107,58549,12761,249,10858,34746,23803,5273,7488,216,33,2685,8173,13565,0,8446,15357,1354,3919,1316,6172,42918,678265,11094,31822,2,5586,5508,4083,1503,5004,504,31822,0,8478,23344,0,0,0,2,0,0,2,0,309892,368373,109493,200399,175352,193021,n323,false,0.7782860635889397,0.4909576023895596,0,4100,false,0,0,0.5175647152534532,0.9612104030901678,null
82417,721183,11107,58549,12761,249,10858,34746,23803,5273,7488,216,33,2685,8173,13565,0,8446,15357,1354,3919,1316,6172,42918,678265,11094,31822,2,5586,5508,4083,1503,5004,504,31822,0,8478,23344,0,0,0,2,0,0,2,0,309892,368373,109493,200399,175352,193021,n328,false,0.5237841261077423,0.46833253568734123,0,4100,false,0,0,0.5107648450418514,0.9873021601539053,null
82417,721183,11107,58549,12761,249,10858,34746,23803,5273,7488,216,33,2685,8173,13565,0,8446,15357,1354,3919,1316,6172,42918,678265,11094,31822,2,5586,5508,4083,1503,5004,504,31822,0,8478,23344,0,0,0,2,0,0,2,0,309892,368373,109493,200399,175352,193021,n330,false,0.5448163316413451,0.5594476565784882,0,4100,false,0,0,0.03008456100742829,0.7393944226131263,null
82417,721183,11107,58549,12761,249,10858,34746,23803,5273,7488,216,33,2685,8173,13565,0,8446,15357,1354,3919,1316,6172,42918,678265,11094,31822,2,5586,5508,4083,1503,5004,504,31822,0,8478,23344,0,0,0,2,0,0,2,0,309892,368373,109493,200399,175352,193021,n334,false,0.5401221003582685,0.873983048119277,0,3597,false,500,1,0.29331151023406726,0.945055689727362,null
82417,721183,11107,58549,12761,249,10858,34746,23803,5273,7488,216,33,2685,8173,13565,0,8446,15357,1354,3919,1316,6172,42918,678265,11094,31822,2,5586,5508,4083,1503,5004,504,31822,0,8478,23344,0,0,0,2,0,0,2,0,309892,368373,109493,200399,175352,193021,n336,false,0.6868671013150811,0.7519137880499579,0,4100,false,0,0,0.4821586169273337,0.6774344919852218,null
82417,721183,11107,58549,12761,249,10858,34746,23803,5273,7488,216,33,2685,8173,13565,0,8446,15357,1354,3919,1316,6172,42918,678265,11094,31822,2,5586,5508,4083,1503,5004,504,31822,0,8478,23344,0,0,0,2,0,0,2,0,309892,368373,109493,200399,175352,193021,n340,false,0.6284261735485389,0.6077895963277195,0,4100,false,0,0,0.44160629495144077,0.710502570956199,null
82417,721183,11107,58549,12761,249,10858,34746,23803,5273,7488,216,33,2685,8173,13565,0,8446,15357,1354,3919,1316,6172,42918,678265,11094,31822,2,5586,5508,4083,1503,5004,504,31822,0,8478,23344,0,0,0,2,0,0,2,0,309892,368373,109493,200399,175352,193021,n342,false,0.7518249899721353,0.6542201326168098,0,720,false,500,2,0.7933625137102159,0.5917813313127359,null
82417,721183,11107,58549,12761,249,10858,34746,23803,5273,7488,216,33,2685,8173,13565,0,8446,15357,1354,3919,1316,6172,42918,678265,11094,31822,2,5586,5508,4083,1503,5004,504,31822,0,8478,23344,0,0,0,2,0,0,2,0,309892,368373,109493,200399,175352,193021,n346,false,0.8171163724180055,0.9626397696358517,0,4100,false,0,0,0.031045487605653843,0.18465385732483502,null
82417,721183,11107,58549,12761,249,10858,34746,23803,5273,7488,216,33,2685,8173,13565,0,8446,15357,1354,3919,1316,6172,42918,678265,11094,31822,2,5586,5508,4083,1503,5004,504,31822,0,8478,23344,0,0,0,2,0,0,2,0,309892,368373,109493,200399,175352,193021,n347,true,0.14214131855049733,0.7992117418523728,8,4100,false,0,0,0.8478211961945646,0.4238704331501578,null
82417,721183,11107,58549,12761,249,10858,34746,23803,5273,7488,216,33,2685,8173,13565,0,8446,15357,1354,3919,1316,6172,42918,678265,11094,31822,2,5586,5508,4083,1503,5004,504,31822,0,8478,23344,0,0,0,2,0,0,2,0,309892,368373,109493,200399,175352,193021,n350,false,0.4384227404569456,0.7294720222379705,0,60,true,60,2,0.5004653837328762,0.8561535380715988,null
82417,721183,11107,58549,12761,249,10858,34746,23803,5273,7488,216,33,2685,8173,13565,0,8446,15357,1354,3919,1316,6172,42918,678265,11094,31822,2,5586,5508,4083,1503,5004,504,31822,0,8478,23344,0,0,0,2,0,0,2,0,309892,368373,109493,200399,175352,193021,n351,false,0.3914597975038397,0.904691036616672,0,2597,false,500,1,0.13536365905467113,0.967159802994153,null
82417,721183,11107,58549,12761,249,10858,34746,23803,5273,7488,216,33,2685,8173,13565,0,8446,15357,1354,3919,1316,6172,42918,678265,11094,31822,2,5586,5508,4083,1503,5004,504,31822,0,8478,23344,0,0,0,2,0,0,2,0,309892,368373,109493,200399,175352,193021,n361,false,0.4080538364183373,0.6737966548988231,0,4098,false,500,1,0.4407533618060482,0.8800053754391355,null
82417,721183,11107,58549,12761,249,10858,34746,23803,5273,7488,216,33,2685,8173,13565,0,8446,15357,1354,3919,1316,6172,42918,678265,11094,31822,2,5586,5508,4083,1503,5004,504,31822,0,8478,23344,0,0,0,2,0,0,2,0,309892,368373,109493,200399,175352,193021,n363,false,0.04709929106664135,0.5255898259401581,0,2315,false,500,2,0.39389963484522916,0.9360260461656795,null
82417,721183,11107,58549,12761,249,10858,34746,23803,5273,7488,216,33,2685,8173,13565,0,8446,15357,1354,3919,1316,6172,42918,678265,11094,31822,2,5586,5508,4083,1503,5004,504,31822,0,8478,23344,0,0,0,2,0,0,2,0,309892,368373,109493,200399,175352,193021,n367,false,0.5676469464648172,0.8129051166756505,0,1992,false,500,2,0.04422265809902687,0.4055985167976581,null
82417,721183,11107,58549,12761,249,10858,34746,23803,5273,7488,216,33,2685,8173,13565,0,8446,15357,1354,3919,1316,6172,42918,678265,11094,31822,2,5586,5508,4083,1503,5004,504,31822,0,8478,23344,0,0,0,2,0,0,2,0,309892,368373,109493,200399,175352,193021,n371,false,0.2729618206423515,0.8476777053972349,0,4100,false,500,0,0.5686637933203663,0.6548516707600839,null
82417,721183,11107,58549,12761,249,10858,34746,23803,5273,7488,216,33,2685,8173,13565,0,8446,15357,1354,3919,1316,6172,42918,678265,11094,31822,2,5586,5508,4083,1503,5004,504,31822,0,8478,23344,0,0,0,2,0,0,2,0,309892,368373,109493,200399,175352,193021,n372,true,0.731042701263189,0.7983510348524812,11,4100,false,0,0,0.4755349088779074,0.8300201312969053,null
82417,721183,11107,58549,12761,249,10858,34746,23803,5273,7488,216,33,2685,8173,13565,0,8446,15357,1354,3919,1316,6172,42918,678265,11094,31822,2,5586,5508,4083,1503,5004,504,31822,0,8478,23344,0,0,0,2,0,0,2,0,309892,368373,109493,200399,175352,193021,n373,false,0.999996065422283,0.8119735235643616,0,4100,false,0,0,0.5122104033885687,0.4531288432264805,null
82417,721183,11107,58549,12761,249,10858,34746,23803,5273,7488,216,33,2685,8173,13565,0,8446,15357,1354,3919,1316,6172,42918,678265,11094,31822,2,5586,5508,4083,1503,5004,504,31822,0,8478,23344,0,0,0,2,0,0,2,0,309892,368373,109493,200399,175352,193021,n377,false,0.1921178135344244,0.744514158246841,0,4100,false,0,0,0.6875367197314719,0.7404307214260434,null
82417,721183,11107,58549,12761,249,10858,34746,23803,5273,7488,216,33,2685,8173,13565,0,8446,15357,1354,3919,1316,6172,42918,678265,11094,31822,2,5586,5508,4083,1503,5004,504,31822,0,8478,23344,0,0,0,2,0,0,2,0,309892,368373,109493,200399,175352,193021,n378,false,0.7812303726175497,0.9232498255658972,0,4099,false,500,1,0.43750588231382503,0.9820008046591631,null
82417,721183,11107,58549,12761,249,10858,34746,23803,5273,7488,216,33,2685,8173,13565,0,8446,15357,1354,3919,1316,6172,42918,678265,11094,31822,2,5586,5508,4083,1503,5004,504,31822,0,8478,23344,0,0,0,2,0,0,2,0,309892,368373,109493,200399,175352,193021,n387,false,0.15062912371193715,0.8079335556694368,0,4100,false,500,0,0.3528288190489358,0.5299489764819828,null
82417,721183,11107,58549,12761,249,10858,34746,23803,5273,7488,216,33,2685,8173,13565,0,8446,15357,1354,3919,1316,6172,42918,678265,11094,31822,2,5586,5508,4083,1503,5004,504,31822,0,8478,23344,0,0,0,2,0,0,2,0,309892,368373,109493,200399,175352,193021,n390,false,0.4524586082554008,0.671377803731401,0,4100,false,500,0,0.6273604041205494,0.6649164965187703,null
82417,721183,11107,58549,12761,249,10858,34746,23803,5273,7488,216,33,2685,8173,13565,0,8446,15357,1354,3919,1316,6172,42918,678265,11094,31822,2,5586,5508,4083,1503,5004,504,31822,0,8478,23344,0,0,0,2,0,0,2,0,309892,368373,109493,200399,175352,193021,n395,false,0.7560951829765882,0.5218706832248254,0,1952,false,500,2,0.3418245795173784,0.5415687118872972,null
82417,721183,11107,58549,12761,249,10858,34746,23803,5273,7488,216,33,2685,8173,13565,0,8446,15357,1354,3919,1316,6172,42918,678265,11094,31822,2,5586,5508,4083,1503,5004,504,31822,0,8478,23344,0,0,0,2,0,0,2,0,309892,368373,109493,200399,175352,193021,n398,false,0.0067687373784708574,0.6637146883829768,0,2794,false,500,2,0.6742916019168679,0.5627494537735184,null
82417,721183,11107,58549,12761,249,10858,34746,23803,5273,7488,216,33,2685,8173,13565,0,8446,15357,1354,3919,1316,6172,42918,678265,11094,31822,2,5586,5508,4083,1503,5004,504,31822,0,8478,23344,0,0,0,2,0,0,2,0,309892,368373,109493,200399,175352,193021,n399,false,0.05950718720185046,0.46650327628919486,0,4100,false,0,0,0.3732258806630647,0.9666404649004724,null
82417,721183,11107,58549,12761,249,10858,34746,23803,5273,7488,216,33,2685,8173,13565,0,8446,15357,1354,3919,1316,6172,42918,678265,11094,31822,2,5586,5508,4083,1503,5004,504,31822,0,8478,23344,0,0,0,2,0,0,2,0,309892,368373,109493,200399,175352,193021,n403,false,0.07525705123633905,0.8234796073242043,0,4100,false,0,0,0.6295804581442878,0.8582870284428741,null
82417,721183,11107,58549,12761,249,10858,34746,23803,5273,7488,216,33,2685,8173,13565,0,8446,15357,1354,3919,1316,6172,42918,678265,11094,31822,2,5586,5508,4083,1503,5004,504,31822,0,8478,23344,0,0,0,2,0,0,2,0,309892,368373,109493,200399,175352,193021,n406,false,0.19256854101833043,0.6401158774794073,0,3143,false,500,4,0.4415077672480725,0.7685105032989805,null
82417,721183,11107,58549,12761,249,10858,34746,23803,5273,7488,216,33,2685,8173,13565,0,8446,15357,1354,3919,1316,6172,42918,678265,11094,31822,2,5586,5508,4083,1503,5004,504,31822,0,8478,23344,0,0,0,2,0,0,2,0,309892,368373,109493,200399,175352,193021,n414,false,0.23331375264777174,0.706651275171924,0,4100,false,0,0,0.8945329529408046,0.7624545159794143,null
82417,721183,11107,58549,12761,249,10858,34746,23803,5273,7488,216,33,2685,8173,13565,0,8446,15357,1354,3919,1316,6172,42918,678265,11094,31822,2,5586,5508,4083,1503,5004,504,31822,0,8478,23344,0,0,0,2,0,0,2,0,309892,368373,109493,200399,175352,193021,n415,false,0.6547336380257358,0.6538915357345602,0,3373,false,500,2,0.6921674531059644,0.9132789451279076,null
82417,721183,11107,58549,12761,249,10858,34746,23803,5273,7488,216,33,2685,8173,13565,0,8446,15357,1354,3919,1316,6172,42918,678265,11094,31822,2,5586,5508,4083,1503,5004,504,31822,0,8478,23344,0,0,0,2,0,0,2,0,309892,368373,109493,200399,175352,193021,n417,false,0.295860877999886,0.5639324765740248,0,4100,false,0,0,0.6186619279972331,0.2459808741378527,null
82417,721183,11107,58549,12761,249,10858,34746,23803,5273,7488,216,33,2685,8173,13565,0,8446,15357,1354,3919,1316,6172,42918,678265,11094,31822,2,5586,5508,4083,1503,5004,504,31822,0,8478,23344,0,0,0,2,0,0,2,0,309892,368373,109493,200399,175352,193021,n419,false,0.3200573043953453,0.7084358076325086,0,4100,false,0,0,0.2751682603121339,0.9548368462643653,null
82417,721183,11107,58549,12761,249,10858,34746,23803,5273,7488,216,33,2685,8173,13565,0,8446,15357,1354,3919,1316,6172,42918,678265,11094,31822,2,5586,5508,4083,1503,5004,504,31822,0,8478,23344,0,0,0,2,0,0,2,0,309892,368373,109493,200399,175352,193021,n422,false,0.08276056273875874,0.5864579925517522,0,2902,false,501,3,0.8219266783910335,0.40422967103830754,null
82417,721183,11107,58549,12761,249,10858,34746,23803,5273,7488,216,33,2685,8173,13565,0,8446,15357,1354,3919,1316,6172,42918,678265,11094,31822,2,5586,5508,4083,1503,5004,504,31822,0,8478,23344,0,0,0,2,0,0,2,0,309892,368373,109493,200399,175352,193021,n424,false,0.8579863788751104,0.9814777463888431,0,4100,false,0,0,0.5017057861531299,0.6026100497194137,null
82417,721183,11107,58549,12761,249,10858,34746,23803,5273,7488,216,33,2685,8173,13565,0,8446,15357,1354,3919,1316,6172,42918,678265,11094,31822,2,5586,5508,4083,1503,5004,504,31822,0,8478,23344,0,0,0,2,0,0,2,0,309892,368373,109493,200399,175352,193021,n425,false,0.6549279803361717,0.5114945832241089,0,4098,false,500,1,0.7408332559575208,0.43252071092805666,null
82417,721183,11107,58549,12761,249,10858,34746,23803,5273,7488,216,33,2685,8173,13565,0,8446,15357,1354,3919,1316,6172,42918,678265,11094,31822,2,5586,5508,4083,1503,5004,504,31822,0,8478,23344,0,0,0,2,0,0,2,0,309892,368373,109493,200399,175352,193021,n429,false,0.01986509140481295,0.4536248465245639,0,3155,false,500,2,0.19767999684901472,0.34085162042354206,null
82417,721183,11107,58549,12761,249,10858,34746,23803,5273,7488,216,33,2685,8173,13565,0,8446,15357,1354,3919,1316,6172,42918,678265,11094,31822,2,5586,5508,4083,1503,5004,504,31822,0,8478,23344,0,0,0,2,0,0,2,0,309892,368373,109493,200399,175352,193021,n432,false,0.22383386959343426,0.8759579473252637,0,4100,false,500,0,0.11968968182860434,0.37723872181405765,null
82417,721183,11107,58549,12761,249,10858,34746,23803,5273,7488,216,33,2685,8173,13565,0,8446,15357,1354,3919,1316,6172,42918,678265,11094,31822,2,5586,5508,4083,1503,5004,504,31822,0,8478,23344,0,0,0,2,0,0,2,0,309892,368373,109493,200399,175352,193021,n433,false,0.9819579285453354,0.6952432207875855,0,4100,false,0,0,0.5358164111396453,0.8307030426977562,null
82417,721183,11107,58549,12761,249,10858,34746,23803,5273,7488,216,33,2685,8173,13565,0,8446,15357,1354,3919,1316,6172,42918,678265,11094,31822,2,5586,5508,4083,1503,5004,504,31822,0,8478,23344,0,0,0,2,0,0,2,0,309892,368373,109493,200399,175352,193021,n434,false,0.6274029522006708,0.7288342441868327,0,3599,false,500,1,0.35375159735361994,0.8967582543775952,null
82417,721183,11107,58549,12761,249,10858,34746,23803,5273,7488,216,33,2685,8173,13565,0,8446,15357,1354,3919,1316,6172,42918,678265,11094,31822,2,5586,5508,4083,1503,5004,504,31822,0,8478,23344,0,0,0,2,0,0,2,0,309892,368373,109493,200399,175352,193021,n437,false,0.11576400979239668,0.910993071766485,0,3004,false,500,2,0.2502067190159453,0.9262868619785822,null
82417,721183,11107,58549,12761,249,10858,34746,23803,5273,7488,216,33,2685,8173,13565,0,8446,15357,1354,3919,1316,6172,42918,678265,11094,31822,2,5586,5508,4083,1503,5004,504,31822,0,8478,23344,0,0,0,2,0,0,2,0,309892,368373,109493,200399,175352,193021,n439,false,0.10723007200474205,0.4402111894418519,0,4100,false,0,0,0.8773506243957976,0.8000991151358952,null
82417,721183,11107,58549,12761,249,10858,34746,23803,5273,7488,216,33,2685,8173,13565,0,8446,15357,1354,3919,1316,6172,42918,678265,11094,31822,2,5586,5508,4083,1503,5004,504,31822,0,8478,23344,0,0,0,2,0,0,2,0,309892,368373,109493,200399,175352,193021,n444,false,0.3050874613268516,0.7492556174045889,0,4100,false,0,0,0.41966039163716246,0.8395254988764946,null
82417,721183,11107,58549,12761,249,10858,34746,23803,5273,7488,216,33,2685,8173,13565,0,8446,15357,1354,3919,1316,6172,42918,678265,11094,31822,2,5586,5508,4083,1503,5004,504,31822,0,8478,23344,0,0,0,2,0,0,2,0,309892,368373,109493,200399,175352,193021,n448,false,0.8709702114236423,0.8964322267424065,0,3273,false,501,5,0.7942598103901766,0.7367830698762994,null
82417,721183,11107,58549,12761,249,10858,34746,23803,5273,7488,216,33,2685,8173,13565,0,8446,15357,1354,3919,1316,6172,42918,678265,11094,31822,2,5586,5508,4083,1503,5004,504,31822,0,8478,23344,0,0,0,2,0,0,2,0,309892,368373,109493,200399,175352,193021,n449,true,0.5477227080176793,0.6173509581597424,12,2134,false,0,1,0.618149678362371,0.5439006749772742,null
82417,721183,11107,58549,12761,249,10858,34746,23803,5273,7488,216,33,2685,8173,13565,0,8446,15357,1354,3919,1316,6172,42918,678265,11094,31822,2,5586,5508,4083,1503,5004,504,31822,0,8478,23344,0,0,0,2,0,0,2,0,309892,368373,109493,200399,175352,193021,n450,false,0.7710296268553358,0.8931142570999754,0,4100,false,0,0,0.0921529083803036,0.9915807051696696,null
82417,721183,11107,58549,12761,249,10858,34746,23803,5273,7488,216,33,2685,8173,13565,0,8446,15357,1354,3919,1316,6172,42918,678265,11094,31822,2,5586,5508,4083,1503,5004,504,31822,0,8478,23344,0,0,0,2,0,0,2,0,309892,368373,109493,200399,175352,193021,n452,false,0.5687472463005485,0.8801651797218486,0,4100,false,0,0,0.9936093892141393,0.3681177685012683,null
82417,721183,11107,58549,12761,249,10858,34746,23803,5273,7488,216,33,2685,8173,13565,0,8446,15357,1354,3919,1316,6172,42918,678265,11094,31822,2,5586,5508,4083,1503,5004,504,31822,0,8478,23344,0,0,0,2,0,0,2,0,309892,368373,109493,200399,175352,193021,n456,false,0.3776336567253264,0.6230088586189735,0,4100,false,0,0,0.339675029145616,0.9308195084121298,null
82417,721183,11107,58549,12761,249,10858,34746,23803,5273,7488,216,33,2685,8173,13565,0,8446,15357,1354,3919,1316,6172,42918,678265,11094,31822,2,5586,5508,4083,1503,5004,504,31822,0,8478,23344,0,0,0,2,0,0,2,0,309892,368373,109493,200399,175352,193021,n458,false,0.32210542538412595,0.7524326126359113,0,434,false,501,3,0.6154885954809874,0.2595857055848828,null
82417,721183,11107,58549,12761,249,10858,34746,23803,5273,7488,216,33,2685,8173,13565,0,8446,15357,1354,3919,1316,6172,42918,678265,11094,31822,2,5586,5508,4083,1503,5004,504,31822,0,8478,23344,0,0,0,2,0,0,2,0,309892,368373,109493,200399,175352,193021,n463,true,0.7798422261260762,0.5677123598801092,12,4100,false,0,0,0.06607310172440906,0.9857478989749087,null
82417,721183,11107,58549,12761,249,10858,34746,23803,5273,7488,216,33,2685,8173,13565,0,8446,15357,1354,3919,1316,6172,42918,678265,11094,31822,2,5586,5508,4083,1503,5004,504,31822,0,8478,23344,0,0,0,2,0,0,2,0,309892,368373,109493,200399,175352,193021,n464,false,0.17663147914903216,0.8930180701742341,0,4100,false,0,0,0.49640632417668007,0.3178929168044398,null
82417,721183,11107,58549,12761,249,10858,34746,23803,5273,7488,216,33,2685,8173,13565,0,8446,15357,1354,3919,1316,6172,42918,678265,11094,31822,2,5586,5508,4083,1503,5004,504,31822,0,8478,23344,0,0,0,2,0,0,2,0,309892,368373,109493,200399,175352,193021,n465,false,0.4937211609435421,0.7315088761915275,0,4100,false,0,0,0.05998742563785553,0.8686301483935389,null
82417,721183,11107,58549,12761,249,10858,34746,23803,5273,7488,216,33,2685,8173,13565,0,8446,15357,1354,3919,1316,6172,42918,678265,11094,31822,2,5586,5508,4083,1503,5004,504,31822,0,8478,23344,0,0,0,2,0,0,2,0,309892,368373,109493,200399,175352,193021,n467,false,0.5606860975172311,0.8883539539247611,0,4100,false,0,0,0.8333323555937282,0.9966939431038286,null
82417,721183,11107,58549,12761,249,10858,34746,23803,5273,7488,216,33,2685,8173,13565,0,8446,15357,1354,3919,1316,6172,42918,678265,11094,31822,2,5586,5508,4083,1503,5004,504,31822,0,8478,23344,0,0,0,2,0,0,2,0,309892,368373,109493,200399,175352,193021,n468,false,0.5969787209408821,0.7815522955909899,0,4100,false,0,0,0.808287638872361,0.749770985517261,null
82417,721183,11107,58549,12761,249,10858,34746,23803,5273,7488,216,33,2685,8173,13565,0,8446,15357,1354,3919,1316,6172,42918,678265,11094,31822,2,5586,5508,4083,1503,5004,504,31822,0,8478,23344,0,0,0,2,0,0,2,0,309892,368373,109493,200399,175352,193021,n471,false,0.2880495037079747,0.4269892432737406,0,1499,false,500,2,0.25772809373656236,0.1331088407357695,null
82417,721183,11107,58549,12761,249,10858,34746,23803,5273,7488,216,33,2685,8173,13565,0,8446,15357,1354,3919,1316,6172,42918,678265,11094,31822,2,5586,5508,4083,1503,5004,504,31822,0,8478,23344,0,0,0,2,0,0,2,0,309892,368373,109493,200399,175352,193021,n473,false,0.13555457395373147,0.7501490461099705,0,4100,false,0,0,0.5302946197917737,0.9143787358439972,null
82417,721183,11107,58549,12761,249,10858,34746,23803,5273,7488,216,33,2685,8173,13565,0,8446,15357,1354,3919,1316,6172,42918,678265,11094,31822,2,5586,5508,4083,1503,5004,504,31822,0,8478,23344,0,0,0,2,0,0,2,0,309892,368373,109493,200399,175352,193021,n477,false,0.2297738159540286,0.7959051320116368,0,77,false,501,4,0.4829994322690214,0.15568316573321195,null
82417,721183,11107,58549,12761,249,10858,34746,23803,5273,7488,216,33,2685,8173,13565,0,8446,15357,1354,3919,1316,6172,42918,678265,11094,31822,2,5586,5508,4083,1503,5004,504,31822,0,8478,23344,0,0,0,2,0,0,2,0,309892,368373,109493,200399,175352,193021,n490,false,0.6094320773692079,0.7476106352613925,0,4100,false,500,0,0.5607437236239672,0.4847170765338509,null
82417,721183,11107,58549,12761,249,10858,34746,23803,5273,7488,216,33,2685,8173,13565,0,8446,15357,1354,3919,1316,6172,42918,678265,11094,31822,2,5586,5508,4083,1503,5004,504,31822,0,8478,23344,0,0,0,2,0,0,2,0,309892,368373,109493,200399,175352,193021,n491,true,0.826170696078611,0.8136497550997464,5,4100,false,0,0,0.41766706149876753,0.7645470612913537,null
82417,721183,11107,58549,12761,249,10858,34746,23803,5273,7488,216,33,2685,8173,13565,0,8446,15357,1354,3919,1316,6172,42918,678265,11094,31822,2,5586,5508,4083,1503,5004,504,31822,0,8478,23344,0,0,0,2,0,0,2,0,309892,368373,109493,200399,175352,193021,n493,false,0.5462027281283609,0.836426791618393,0,4100,false,500,0,0.61700351793559,0.8272753949417326,null
82417,721183,11107,58549,12761,249,10858,34746,23803,5273,7488,216,33,2685,8173,13565,0,8446,15357,1354,3919,1316,6172,42918,678265,11094,31822,2,5586,5508,4083,1503,5004,504,31822,0,8478,23344,0,0,0,2,0,0,2,0,309892,368373,109493,200399,175352,193021,n497,false,0.4868642319132028,0.7031488323670138,0,4100,false,0,0,0.7930930473317748,0.5481658106919823,null
82417,721183,11107,58549,12761,249,10858,34746,23803,5273,7488,216,33,2685,8173,13565,0,8446,15357,1354,3919,1316,6172,42918,678265,11094,31822,2,5586,5508,4083,1503,5004,504,31822,0,8478,23344,0,0,0,2,0,0,2,0,309892,368373,109493,200399,175352,193021,n499,true,0.16093271014818725,0.28357463827887497,10,220,false,0,1,0.8762469228532755,0.8585290141613157,null
